{"type": "FeatureCollection", "features": [{"type": "Feature", "geometry": {"type": "Polygon", "coordinates": [[[-73.803, -7.111], [-72.658, -7.624], [-70.368, -8.141], [-68.727, -8.999], [-66.619, -9.893], [-66.626, -9.935], [-66.872, -10.081], [-67.047, -10.275], [-67.179, -10.338], [-67.321, -10.322], [-67.350, -10.392], [-67.406, -10.373], [-67.441, -10.452], [-67.579, -10.502], [-67.676, -10.604], [-67.707, -10.708], [-67.877, -10.639], [-68.054, -10.669], [-68.237, -10.956], [-68.542, -11.108], [-68.715, -11.143], [-68.757, -11.000], [-68.994, -11.010], [-69.423, -10.926], [-69.736, -10.974], [-69.935, -10.920], [-70.311, -11.069], [-70.437, -11.039], [-70.531, -10.934], [-70.621, -10.999], [-70.622, -9.821], [-70.537, -9.764], [-70.600, -9.557], [-70.557, -9.571], [-70.493, -9.426], [-70.594, -9.440], [-70.998, -9.813], [-71.164, -9.875], [-71.212, -9.966], [-72.180, -9.999], [-72.150, -9.799], [-72.270, -9.749], [-72.253, -9.613], [-72.356, -9.493], [-72.716, -9.410], [-73.214, -9.410], [-73.080, -9.237], [-73.005, -9.210], [-72.936, -8.988], [-73.032, -8.905], [-73.131, -8.706], [-73.290, -8.614], [-73.279, -8.474], [-73.389, -8.469], [-73.412, -8.410], [-73.536, -8.345], [-73.630, -8.021], [-73.771, -7.905], [-73.758, -7.857], [-73.697, -7.866], [-73.683, -7.776], [-73.826, -7.715], [-73.987, -7.554], [-73.919, -7.465], [-73.961, -7.345], [-73.869, -7.378], [-73.700, -7.305], [-73.803, -7.111]]]}, "properties": {"name": "Acre", "sigla": "AC"}}, {"type": "Feature", "geometry": {"type": "Polygon", "coordinates": [[[-35.465, -8.825], [-35.152, -8.912], [-35.301, -9.184], [-35.353, -9.255], [-35.694, -9.664], [-35.812, -9.731], [-36.046, -10.075], [-36.271, -10.274], [-36.391, -10.500], [-36.455, -10.407], [-36.563, -10.415], [-36.623, -10.257], [-36.719, -10.264], [-36.910, -10.137], [-36.991, -9.976], [-37.237, -9.893], [-37.418, -9.762], [-37.581, -9.733], [-37.711, -9.630], [-37.784, -9.638], [-38.078, -9.440], [-38.202, -9.418], [-38.237, -9.329], [-38.091, -9.172], [-37.978, -9.147], [-37.838, -8.977], [-37.828, -8.893], [-37.759, -8.857], [-37.698, -8.992], [-37.643, -9.017], [-37.489, -8.965], [-37.468, -9.027], [-37.315, -9.093], [-37.233, -9.239], [-37.198, -9.215], [-37.163, -9.275], [-37.105, -9.239], [-36.952, -9.382], [-36.867, -9.268], [-36.693, -9.274], [-36.603, -9.340], [-36.436, -9.211], [-36.224, -9.170], [-36.266, -9.101], [-36.123, -9.030], [-36.126, -8.955], [-36.063, -8.914], [-35.795, -8.847], [-35.747, -8.916], [-35.465, -8.825]], [[-35.290, -9.148], [-35.289, -9.148], [-35.291, -9.146], [-35.290, -9.148]]]}, "properties": {"name": "Alagoas", "sigla": "AL"}}, {"type": "Feature", "geometry": {"type": "Polygon", "coordinates": [[[-67.342, 2.205], [-67.277, 1.876], [-67.156, 1.849], [-67.096, 1.733], [-67.087, 1.167], [-66.856, 1.230], [-66.317, 0.755], [-66.087, 0.759], [-66.069, 0.805], [-65.963, 0.809], [-65.879, 0.933], [-65.584, 1.009], [-65.493, 0.882], [-65.590, 0.722], [-65.539, 0.649], [-65.423, 0.708], [-65.412, 0.816], [-65.328, 0.931], [-65.181, 0.923], [-65.154, 1.125], [-65.102, 1.157], [-65.021, 1.115], [-64.960, 1.230], [-64.867, 1.232], [-64.809, 1.314], [-64.745, 1.225], [-64.396, 1.527], [-64.348, 1.502], [-64.399, 1.395], [-64.337, 1.363], [-64.301, 1.468], [-64.094, 1.617], [-64.060, 1.931], [-63.995, 1.979], [-63.843, 1.964], [-63.702, 2.046], [-63.667, 2.017], [-63.616, 2.106], [-63.420, 2.131], [-63.371, 2.212], [-63.282, 2.154], [-63.140, 2.172], [-63.023, 2.014], [-62.838, 2.016], [-62.705, 1.940], [-62.723, 1.712], [-62.803, 1.590], [-62.636, 1.434], [-62.545, 1.124], [-62.471, 1.086], [-62.445, 0.977], [-62.485, 0.866], [-62.457, 0.785], [-62.534, 0.694], [-62.532, 0.509], [-62.445, 0.379], [-62.423, 0.091], [-62.244, -0.174], [-62.247, -0.301], [-62.187, -0.330], [-62.308, -0.513], [-62.290, -0.646], [-62.406, -0.726], [-62.486, -0.681], [-62.509, -0.758], [-62.039, -1.118], [-61.896, -1.395], [-61.789, -1.378], [-61.634, -1.433], [-61.474, -1.578], [-61.537, -1.433], [-61.618, -1.394], [-61.581, -1.353], [-61.628, -1.301], [-61.543, -1.061], [-61.584, -0.936], [-61.538, -0.755], [-61.464, -0.664], [-61.223, -0.559], [-61.216, -0.499], [-60.920, -0.555], [-60.907, -0.623], [-60.760, -0.761], [-60.752, -0.860], [-60.667, -0.894], [-60.530, -0.874], [-60.478, -0.770], [-60.309, -0.724], [-60.399, -0.509], [-60.289, -0.292], [-60.298, -0.211], [-60.223, -0.142], [-60.037, 0.263], [-58.894, 0.263], [-58.871, -0.342], [-58.729, -0.434], [-58.704, -0.678], [-58.435, -0.883], [-58.429, -1.026], [-58.322, -1.142], [-58.254, -1.132], [-58.162, -1.229], [-58.017, -1.105], [-57.971, -1.162], [-58.000, -1.329], [-57.959, -1.401], [-57.823, -1.439], [-57.783, -1.507], [-57.712, -1.503], [-57.678, -1.594], [-57.602, -1.569], [-57.528, -1.652], [-57.402, -1.675], [-57.392, -1.722], [-57.164, -1.720], [-57.162, -1.768], [-57.063, -1.808], [-57.036, -1.911], [-56.858, -2.015], [-56.734, -2.021], [-56.768, -2.165], [-56.678, -2.212], [-56.526, -2.138], [-56.413, -2.175], [-56.098, -2.026], [-56.219, -2.195], [-56.383, -2.270], [-56.465, -2.422], [-56.401, -2.456], [-58.262, -6.468], [-58.477, -6.699], [-58.434, -6.908], [-58.209, -7.133], [-58.136, -7.356], [-58.212, -7.458], [-58.201, -7.620], [-58.382, -7.838], [-58.286, -8.128], [-58.314, -8.322], [-58.416, -8.491], [-58.390, -8.602], [-58.436, -8.703], [-58.325, -8.719], [-58.394, -8.779], [-61.582, -8.798], [-61.712, -8.687], [-61.774, -8.747], [-61.835, -8.732], [-61.859, -8.852], [-61.984, -8.878], [-62.030, -8.799], [-62.124, -8.801], [-62.187, -8.590], [-62.268, -8.575], [-62.280, -8.638], [-62.335, -8.609], [-62.366, -8.389], [-62.464, -8.339], [-62.525, -8.382], [-62.561, -8.283], [-62.686, -8.173], [-62.691, -8.092], [-62.844, -7.986], [-63.620, -7.968], [-63.772, -8.320], [-63.870, -8.288], [-63.943, -8.330], [-63.973, -8.486], [-63.924, -8.575], [-63.945, -8.609], [-63.985, -8.585], [-64.027, -8.715], [-64.130, -8.721], [-64.148, -8.958], [-64.310, -8.996], [-64.322, -8.928], [-64.610, -9.016], [-64.838, -8.993], [-64.916, -9.042], [-64.935, -9.255], [-65.097, -9.432], [-65.184, -9.426], [-65.246, -9.257], [-65.384, -9.337], [-65.446, -9.315], [-65.434, -9.465], [-65.596, -9.413], [-65.791, -9.585], [-65.969, -9.412], [-66.408, -9.406], [-66.392, -9.500], [-66.500, -9.633], [-66.774, -9.752], [-66.805, -9.814], [-68.727, -8.999], [-70.368, -8.141], [-72.658, -7.624], [-73.803, -7.111], [-73.725, -7.021], [-73.751, -6.932], [-73.644, -6.761], [-73.356, -6.594], [-73.212, -6.576], [-73.137, -6.497], [-73.108, -6.409], [-73.248, -6.144], [-73.236, -6.031], [-73.156, -5.868], [-72.961, -5.653], [-72.956, -5.464], [-72.864, -5.272], [-72.885, -5.165], [-72.814, -5.109], [-72.629, -5.051], [-72.606, -4.994], [-72.386, -4.871], [-72.370, -4.806], [-72.127, -4.722], [-71.882, -4.516], [-71.748, -4.472], [-71.653, -4.507], [-71.619, -4.469], [-71.604, -4.533], [-71.537, -4.467], [-71.495, -4.486], [-71.508, -4.447], [-71.314, -4.457], [-71.268, -4.384], [-71.207, -4.379], [-71.201, -4.425], [-71.153, -4.382], [-70.995, -4.383], [-70.996, -4.345], [-70.942, -4.385], [-70.807, -4.183], [-70.680, -4.198], [-70.652, -4.126], [-70.624, -4.192], [-70.548, -4.136], [-70.503, -4.196], [-70.438, -4.133], [-70.340, -4.185], [-70.325, -4.146], [-70.297, -4.290], [-70.255, -4.277], [-70.198, -4.365], [-70.107, -4.264], [-70.043, -4.351], [-69.963, -4.300], [-69.457, -1.493], [-69.399, -1.370], [-69.430, -1.232], [-69.395, -1.132], [-69.421, -0.999], [-69.523, -0.929], [-69.625, -0.749], [-69.563, -0.639], [-69.614, -0.505], [-69.922, -0.331], [-70.057, -0.186], [-70.042, 0.559], [-69.808, 0.572], [-69.679, 0.670], [-69.606, 0.629], [-69.480, 0.735], [-69.358, 0.612], [-69.300, 0.649], [-69.297, 0.603], [-69.203, 0.605], [-69.192, 0.651], [-69.114, 0.650], [-69.185, 0.733], [-69.135, 0.877], [-69.264, 1.064], [-69.606, 1.105], [-69.684, 1.077], [-69.710, 1.126], [-69.843, 1.085], [-69.841, 1.720], [-69.635, 1.737], [-69.551, 1.791], [-69.392, 1.724], [-68.156, 1.732], [-68.266, 1.827], [-68.207, 1.962], [-68.139, 1.985], [-68.086, 1.901], [-67.940, 1.831], [-67.768, 2.039], [-67.619, 2.024], [-67.539, 2.156], [-67.406, 2.246], [-67.342, 2.205]]]}, "properties": {"name": "Amazonas", "sigla": "AM"}}, {"type": "Feature", "geometry": {"type": "Polygon", "coordinates": [[[-51.251, 4.191], [-51.178, 3.945], [-51.075, 3.890], [-51.087, 3.392], [-51.014, 3.045], [-50.840, 2.639], [-50.854, 2.491], [-50.802, 2.508], [-50.764, 2.448], [-50.702, 2.138], [-50.445, 2.199], [-50.351, 2.087], [-50.237, 1.803], [-50.091, 1.791], [-49.921, 1.704], [-49.875, 1.481], [-49.893, 1.193], [-49.945, 1.108], [-49.940, 0.993], [-50.092, 0.782], [-50.093, 0.702], [-50.409, 0.623], [-50.555, 0.307], [-50.667, 0.185], [-50.933, 0.070], [-51.084, -0.087], [-51.215, -0.118], [-51.678, -0.784], [-51.703, -1.067], [-51.808, -1.156], [-51.925, -1.131], [-51.956, -1.168], [-51.984, -1.121], [-52.069, -1.235], [-52.119, -1.145], [-52.332, -1.115], [-52.426, -1.050], [-52.402, -0.876], [-52.455, -0.829], [-52.538, -0.854], [-52.497, -0.730], [-52.522, -0.588], [-52.639, -0.584], [-52.702, -0.458], [-52.689, -0.302], [-52.851, -0.149], [-52.933, -0.139], [-53.174, 0.382], [-53.105, 0.684], [-53.411, 0.929], [-53.459, 1.127], [-53.399, 1.158], [-53.426, 1.243], [-53.535, 1.212], [-53.538, 1.341], [-53.650, 1.336], [-53.649, 1.408], [-53.666, 1.373], [-53.716, 1.432], [-53.731, 1.386], [-53.803, 1.423], [-53.849, 1.392], [-54.008, 1.519], [-54.085, 1.488], [-54.143, 1.640], [-54.190, 1.625], [-54.308, 1.741], [-54.744, 1.776], [-54.753, 1.967], [-54.812, 2.063], [-54.762, 2.202], [-54.875, 2.426], [-54.743, 2.471], [-54.684, 2.447], [-54.661, 2.327], [-54.601, 2.337], [-54.436, 2.210], [-54.188, 2.179], [-53.974, 2.232], [-53.934, 2.297], [-53.816, 2.317], [-53.766, 2.379], [-53.723, 2.353], [-53.748, 2.313], [-53.540, 2.257], [-53.458, 2.261], [-53.337, 2.353], [-53.231, 2.269], [-53.279, 2.223], [-53.286, 2.197], [-53.266, 2.169], [-53.242, 2.209], [-53.098, 2.216], [-52.943, 2.169], [-52.554, 2.516], [-52.557, 2.636], [-52.382, 2.911], [-52.332, 3.172], [-52.191, 3.301], [-51.923, 3.783], [-51.801, 3.881], [-51.755, 3.987], [-51.645, 4.044], [-51.549, 4.424], [-51.489, 4.423], [-51.251, 4.191]]]}, "properties": {"name": "Amapá", "sigla": "AP"}}, {"type": "Feature", "geometry": {"type": "Polygon", "coordinates": [[[-39.288, -8.562], [-39.233, -8.705], [-39.032, -8.736], [-38.953, -8.803], [-38.798, -8.792], [-38.706, -8.861], [-38.670, -8.974], [-38.623, -8.979], [-38.551, -8.822], [-38.469, -8.865], [-38.519, -8.947], [-38.483, -9.001], [-38.295, -9.022], [-38.318, -9.140], [-38.202, -9.418], [-37.998, -9.497], [-38.040, -9.602], [-37.987, -9.646], [-38.042, -9.715], [-37.966, -9.815], [-37.997, -9.916], [-37.959, -9.969], [-37.831, -10.000], [-37.736, -10.331], [-37.858, -10.426], [-37.812, -10.508], [-37.813, -10.690], [-37.999, -10.763], [-38.057, -10.708], [-38.211, -10.708], [-38.229, -10.915], [-38.106, -11.015], [-38.062, -11.163], [-37.973, -11.194], [-37.977, -11.393], [-37.865, -11.428], [-37.813, -11.513], [-37.688, -11.565], [-37.650, -11.518], [-37.517, -11.547], [-37.342, -11.443], [-37.622, -11.994], [-38.049, -12.634], [-38.347, -12.950], [-38.488, -13.014], [-38.582, -12.999], [-38.561, -12.919], [-38.615, -12.930], [-38.654, -13.029], [-38.932, -13.217], [-38.964, -13.283], [-38.960, -13.366], [-38.905, -13.377], [-38.887, -13.447], [-38.934, -13.559], [-38.888, -13.642], [-38.966, -13.670], [-38.997, -13.744], [-38.927, -13.938], [-39.065, -14.705], [-38.936, -15.656], [-38.856, -15.860], [-39.017, -16.252], [-39.008, -16.375], [-39.058, -16.427], [-39.141, -16.756], [-39.111, -16.895], [-39.212, -17.168], [-39.194, -17.578], [-39.135, -17.687], [-39.270, -17.871], [-39.442, -17.944], [-39.567, -18.089], [-39.670, -18.348], [-40.222, -17.979], [-40.263, -17.921], [-40.174, -17.852], [-40.223, -17.733], [-40.460, -17.568], [-40.520, -17.446], [-40.623, -17.405], [-40.547, -17.283], [-40.569, -17.061], [-40.490, -16.884], [-40.281, -16.900], [-40.257, -16.806], [-40.345, -16.786], [-40.275, -16.573], [-40.159, -16.579], [-40.170, -16.523], [-40.097, -16.422], [-40.067, -16.457], [-39.990, -16.312], [-39.916, -16.283], [-39.935, -16.244], [-39.856, -16.113], [-39.915, -16.000], [-40.004, -16.001], [-40.084, -15.896], [-40.170, -15.907], [-40.230, -15.803], [-40.376, -15.823], [-40.460, -15.753], [-40.561, -15.802], [-40.698, -15.668], [-40.767, -15.713], [-40.815, -15.648], [-40.881, -15.694], [-40.961, -15.648], [-41.143, -15.771], [-41.330, -15.744], [-41.356, -15.499], [-41.800, -15.100], [-41.932, -15.172], [-42.091, -15.186], [-42.172, -15.085], [-42.264, -15.124], [-42.442, -15.060], [-42.436, -15.022], [-42.722, -14.885], [-42.938, -14.707], [-43.175, -14.650], [-43.434, -14.722], [-43.530, -14.814], [-43.580, -14.750], [-43.883, -14.652], [-43.873, -14.520], [-43.782, -14.338], [-44.214, -14.232], [-44.565, -14.339], [-44.832, -14.499], [-44.843, -14.580], [-45.039, -14.679], [-45.083, -14.748], [-45.205, -14.744], [-45.454, -14.953], [-45.565, -14.944], [-45.721, -15.111], [-45.953, -15.139], [-46.076, -15.264], [-46.118, -15.191], [-46.049, -15.165], [-45.965, -14.965], [-46.052, -14.830], [-46.007, -14.792], [-46.028, -14.681], [-45.976, -14.538], [-46.016, -14.418], [-45.934, -14.414], [-45.906, -14.352], [-46.063, -14.193], [-46.265, -14.097], [-46.209, -14.012], [-46.267, -13.943], [-46.234, -13.848], [-46.282, -13.796], [-46.223, -13.769], [-46.260, -13.686], [-46.161, -13.590], [-46.235, -13.562], [-46.205, -13.464], [-46.242, -13.429], [-46.041, -13.280], [-46.265, -13.347], [-46.315, -13.302], [-46.322, -13.097], [-46.272, -13.014], [-46.125, -12.961], [-46.113, -12.917], [-46.304, -12.949], [-46.261, -12.831], [-46.279, -12.584], [-46.160, -12.528], [-46.153, -12.482], [-46.254, -12.492], [-46.256, -12.423], [-46.351, -12.336], [-46.324, -12.302], [-46.374, -12.286], [-46.397, -12.039], [-46.325, -11.958], [-46.170, -11.900], [-46.374, -11.868], [-46.322, -11.770], [-46.373, -11.750], [-46.294, -11.694], [-46.314, -11.631], [-46.082, -11.635], [-46.478, -11.515], [-46.616, -11.289], [-46.471, -11.190], [-46.398, -10.993], [-46.282, -10.906], [-46.251, -10.756], [-46.192, -10.719], [-46.210, -10.649], [-46.065, -10.602], [-45.827, -10.435], [-45.824, -10.365], [-45.738, -10.342], [-45.697, -10.263], [-45.722, -10.154], [-45.602, -10.107], [-45.396, -10.446], [-45.446, -10.507], [-45.435, -10.619], [-45.247, -10.821], [-45.072, -10.840], [-44.930, -10.928], [-44.667, -10.759], [-44.667, -10.685], [-44.577, -10.626], [-44.502, -10.649], [-44.335, -10.548], [-44.263, -10.624], [-44.134, -10.635], [-44.072, -10.580], [-44.028, -10.415], [-43.916, -10.423], [-43.765, -10.079], [-43.692, -10.076], [-43.661, -10.003], [-43.708, -9.912], [-43.652, -9.838], [-43.784, -9.761], [-43.849, -9.547], [-43.769, -9.441], [-43.485, -9.264], [-43.278, -9.424], [-43.119, -9.372], [-42.971, -9.407], [-42.945, -9.518], [-42.764, -9.616], [-42.719, -9.530], [-42.491, -9.493], [-42.243, -9.288], [-41.837, -9.241], [-41.723, -9.013], [-41.544, -8.960], [-41.381, -8.708], [-41.113, -8.703], [-41.124, -8.752], [-41.035, -8.785], [-41.020, -8.843], [-40.920, -8.835], [-40.803, -9.097], [-40.667, -9.158], [-40.776, -9.454], [-40.622, -9.482], [-40.467, -9.420], [-40.420, -9.352], [-40.334, -9.353], [-40.250, -9.060], [-40.128, -9.109], [-39.957, -9.048], [-39.873, -8.930], [-39.894, -8.831], [-39.674, -8.786], [-39.690, -8.661], [-39.407, -8.538], [-39.288, -8.562]], [[-39.581, -18.082], [-39.572, -18.091], [-39.573, -18.080], [-39.581, -18.082]]]}, "properties": {"name": "Bahia", "sigla": "BA"}}, {"type": "Feature", "geometry": {"type": "MultiPolygon", "coordinates": [[[[-40.018, -2.836], [-39.252, -3.221], [-39.083, -3.393], [-38.994, -3.397], [-38.666, -3.674], [-38.471, -3.707], [-38.363, -3.881], [-38.013, -4.246], [-37.769, -4.401], [-37.592, -4.625], [-37.324, -4.701], [-37.251, -4.832], [-37.639, -4.926], [-37.901, -5.497], [-38.082, -5.672], [-38.088, -5.727], [-38.046, -5.730], [-38.164, -5.945], [-38.304, -6.086], [-38.382, -6.052], [-38.446, -6.084], [-38.578, -6.279], [-38.601, -6.389], [-38.529, -6.393], [-38.517, -6.408], [-38.611, -6.512], [-38.672, -6.696], [-38.613, -6.782], [-38.764, -6.910], [-38.764, -6.993], [-38.669, -7.047], [-38.687, -7.189], [-38.625, -7.191], [-38.534, -7.293], [-38.584, -7.434], [-38.644, -7.459], [-38.654, -7.565], [-38.939, -7.758], [-38.965, -7.844], [-39.017, -7.813], [-39.090, -7.857], [-39.135, -7.722], [-39.306, -7.664], [-39.277, -7.606], [-39.317, -7.540], [-39.662, -7.310], [-40.246, -7.433], [-40.318, -7.373], [-40.548, -7.392], [-40.489, -7.118], [-40.405, -7.004], [-40.428, -6.863], [-40.370, -6.802], [-40.431, -6.812], [-40.475, -6.734], [-40.731, -6.653], [-40.791, -6.512], [-40.780, -6.323], [-40.906, -6.041], [-40.874, -5.974], [-40.938, -5.672], [-40.900, -5.615], [-40.942, -5.419], [-40.925, -5.181], [-41.131, -5.047], [-41.248, -4.868], [-41.207, -4.776], [-41.249, -4.756], [-41.173, -4.667], [-41.242, -4.571], [-41.090, -4.169], [-41.142, -4.123], [-41.114, -4.040], [-41.254, -4.035], [-41.219, -3.941], [-41.300, -3.825], [-41.239, -3.712], [-41.341, -3.680], [-41.370, -3.566], [-41.298, -3.490], [-41.423, -3.367], [-41.256, -3.087], [-41.256, -3.004], [-41.322, -2.920], [-40.591, -2.843], [-40.499, -2.784], [-40.018, -2.836]]], [[[-40.024, -2.834], [-40.018, -2.836], [-40.027, -2.835], [-40.024, -2.834]]]]}, "properties": {"name": "Ceará", "sigla": "CE"}}, {"type": "Feature", "geometry": {"type": "MultiPolygon", "coordinates": [[[[-40.723, -20.841], [-40.957, -21.302], [-41.092, -21.218], [-41.276, -21.239], [-41.717, -21.123], [-41.711, -20.871], [-41.878, -20.760], [-41.808, -20.643], [-41.855, -20.614], [-41.799, -20.477], [-41.858, -20.372], [-41.756, -20.206], [-41.381, -20.188], [-41.307, -19.947], [-41.184, -19.888], [-41.168, -19.671], [-41.036, -19.568], [-41.045, -19.487], [-40.948, -19.472], [-40.907, -19.308], [-40.943, -19.143], [-41.065, -19.050], [-41.017, -18.973], [-41.165, -18.857], [-41.241, -18.853], [-41.232, -18.796], [-41.133, -18.795], [-41.097, -18.841], [-40.916, -18.814], [-40.943, -18.687], [-41.052, -18.628], [-41.023, -18.456], [-41.181, -18.438], [-41.144, -18.405], [-41.158, -18.308], [-41.055, -18.166], [-40.892, -18.107], [-40.771, -18.155], [-40.902, -17.986], [-40.882, -17.970], [-40.808, -17.952], [-40.704, -18.022], [-40.526, -17.891], [-40.222, -17.979], [-39.666, -18.331], [-39.728, -18.499], [-39.749, -18.841], [-39.688, -19.305], [-39.807, -19.647], [-39.983, -19.738], [-40.139, -19.948], [-40.197, -20.216], [-40.237, -20.289], [-40.291, -20.287], [-40.270, -20.329], [-40.423, -20.635], [-40.460, -20.623], [-40.627, -20.840], [-40.645, -20.786], [-40.723, -20.841]], [[-40.524, -20.663], [-40.528, -20.668], [-40.504, -20.670], [-40.524, -20.663]], [[-40.540, -20.674], [-40.519, -20.690], [-40.516, -20.685], [-40.540, -20.674]]], [[[-40.467, -20.659], [-40.472, -20.654], [-40.464, -20.652], [-40.467, -20.659]]], [[[-40.724, -20.846], [-40.723, -20.841], [-40.718, -20.845], [-40.724, -20.846]]]]}, "properties": {"name": "Espírito Santo", "sigla": "ES"}}, {"type": "Feature", "geometry": {"type": "Polygon", "coordinates": [[[-50.157, -12.411], [-50.229, -12.531], [-50.192, -12.563], [-50.299, -12.680], [-50.292, -12.839], [-49.912, -12.965], [-49.369, -13.274], [-49.337, -13.065], [-49.236, -12.883], [-49.118, -12.789], [-49.077, -12.903], [-48.975, -12.956], [-48.846, -12.809], [-48.736, -12.920], [-48.730, -12.989], [-48.601, -13.059], [-48.585, -13.317], [-48.508, -13.128], [-48.441, -13.291], [-48.173, -13.147], [-48.164, -13.305], [-48.082, -13.288], [-48.062, -13.234], [-47.965, -13.314], [-47.823, -13.311], [-47.678, -13.467], [-47.622, -13.367], [-47.668, -13.208], [-47.634, -13.104], [-47.560, -13.124], [-47.562, -13.183], [-47.478, -13.184], [-47.426, -13.289], [-47.377, -13.230], [-47.281, -13.264], [-47.228, -13.194], [-47.152, -13.209], [-46.978, -13.131], [-46.750, -12.968], [-46.454, -12.970], [-46.417, -12.823], [-46.365, -12.864], [-46.363, -12.990], [-46.113, -12.917], [-46.125, -12.961], [-46.272, -13.014], [-46.322, -13.097], [-46.291, -13.147], [-46.330, -13.249], [-46.278, -13.347], [-46.041, -13.280], [-46.242, -13.429], [-46.205, -13.464], [-46.235, -13.562], [-46.161, -13.590], [-46.260, -13.686], [-46.223, -13.769], [-46.282, -13.796], [-46.234, -13.848], [-46.267, -13.943], [-46.209, -14.012], [-46.265, -14.097], [-46.063, -14.193], [-45.906, -14.352], [-45.934, -14.414], [-46.016, -14.418], [-45.976, -14.538], [-46.028, -14.681], [-46.007, -14.792], [-46.087, -14.935], [-46.286, -14.927], [-46.321, -14.814], [-46.502, -14.703], [-46.565, -14.785], [-46.502, -15.051], [-46.625, -15.089], [-46.856, -15.009], [-46.924, -15.057], [-46.888, -15.111], [-46.940, -15.229], [-46.836, -15.322], [-46.930, -15.442], [-46.948, -15.554], [-46.854, -15.619], [-46.811, -15.885], [-47.086, -15.960], [-47.141, -15.926], [-47.219, -16.013], [-47.318, -16.036], [-47.375, -15.986], [-47.375, -15.880], [-47.313, -15.746], [-47.315, -15.593], [-47.417, -15.546], [-47.416, -15.499], [-48.197, -15.500], [-48.240, -15.706], [-48.205, -15.741], [-48.286, -15.842], [-48.251, -15.942], [-48.278, -16.051], [-47.303, -16.060], [-47.351, -16.131], [-47.322, -16.230], [-47.458, -16.501], [-47.249, -16.666], [-47.196, -16.909], [-47.126, -16.980], [-47.351, -17.166], [-47.440, -17.347], [-47.511, -17.331], [-47.540, -17.453], [-47.492, -17.525], [-47.330, -17.524], [-47.266, -17.608], [-47.372, -17.829], [-47.282, -18.057], [-47.533, -18.230], [-47.567, -18.203], [-47.638, -18.287], [-47.625, -18.333], [-47.954, -18.499], [-47.980, -18.442], [-48.114, -18.426], [-48.261, -18.331], [-48.313, -18.384], [-48.479, -18.379], [-48.560, -18.323], [-48.815, -18.379], [-48.936, -18.305], [-49.076, -18.416], [-49.108, -18.383], [-49.205, -18.411], [-49.248, -18.522], [-49.378, -18.641], [-49.535, -18.493], [-49.557, -18.545], [-49.647, -18.558], [-49.639, -18.599], [-49.783, -18.640], [-50.016, -18.599], [-50.079, -18.671], [-50.308, -18.697], [-50.508, -18.936], [-50.537, -19.098], [-50.677, -19.139], [-50.816, -19.289], [-50.874, -19.422], [-50.841, -19.498], [-51.030, -19.400], [-51.087, -19.307], [-51.251, -19.273], [-51.419, -19.166], [-51.657, -19.137], [-51.939, -18.967], [-52.080, -18.950], [-52.180, -18.847], [-52.333, -18.827], [-52.448, -18.690], [-52.552, -18.656], [-52.749, -18.690], [-52.916, -18.638], [-52.961, -18.540], [-52.758, -18.348], [-52.948, -18.296], [-53.029, -18.350], [-53.100, -18.309], [-53.142, -18.081], [-53.075, -18.050], [-53.069, -17.986], [-53.168, -17.765], [-53.237, -17.713], [-53.246, -17.531], [-53.197, -17.380], [-53.218, -17.298], [-53.055, -17.069], [-53.010, -16.857], [-52.950, -16.859], [-52.932, -16.802], [-52.785, -16.740], [-52.746, -16.630], [-52.715, -16.638], [-52.738, -16.589], [-52.625, -16.533], [-52.603, -16.464], [-52.687, -16.395], [-52.681, -16.303], [-52.546, -16.260], [-52.525, -16.140], [-52.327, -16.068], [-52.252, -15.892], [-52.007, -15.885], [-51.946, -15.810], [-51.879, -15.824], [-51.762, -15.645], [-51.775, -15.537], [-51.727, -15.550], [-51.699, -15.484], [-51.651, -15.179], [-51.535, -15.069], [-51.337, -14.972], [-51.242, -15.034], [-51.085, -14.917], [-50.962, -14.526], [-50.998, -14.418], [-50.974, -14.290], [-50.917, -14.114], [-50.833, -14.089], [-50.871, -13.732], [-50.803, -13.690], [-50.762, -13.529], [-50.606, -13.310], [-50.610, -13.062], [-50.525, -12.975], [-50.477, -12.709], [-50.365, -12.545], [-50.157, -12.411]]]}, "properties": {"name": "Goiás", "sigla": "GO"}}, {"type": "Feature", "geometry": {"type": "MultiPolygon", "coordinates": [[[[-47.068, -9.063], [-47.021, -8.987], [-47.014, -8.975], [-47.017, -8.952], [-46.969, -8.914], [-46.992, -8.879], [-46.913, -8.847], [-46.915, -8.595], [-46.796, -8.446], [-46.806, -8.398], [-46.544, -8.318], [-46.466, -8.065], [-46.491, -7.981], [-46.604, -7.895], [-46.872, -7.955], [-46.996, -8.066], [-47.043, -8.053], [-47.243, -7.814], [-47.245, -7.758], [-47.312, -7.730], [-47.313, -7.660], [-47.357, -7.616], [-47.381, -7.653], [-47.427, -7.525], [-47.474, -7.532], [-47.504, -7.436], [-47.590, -7.439], [-47.485, -7.366], [-47.499, -7.293], [-47.588, -7.263], [-47.648, -7.302], [-47.745, -7.200], [-47.715, -7.141], [-47.644, -7.143], [-47.529, -6.976], [-47.498, -6.670], [-47.378, -6.270], [-47.499, -5.525], [-47.741, -5.380], [-47.843, -5.375], [-47.885, -5.260], [-48.178, -5.260], [-48.363, -5.168], [-48.538, -5.204], [-48.605, -5.336], [-48.678, -5.305], [-48.754, -5.348], [-47.789, -4.585], [-47.679, -4.608], [-47.610, -4.555], [-47.473, -4.314], [-47.372, -4.244], [-47.318, -4.046], [-47.087, -3.855], [-47.037, -3.562], [-46.948, -3.476], [-46.942, -3.374], [-46.812, -3.309], [-46.773, -3.175], [-46.723, -3.150], [-46.747, -3.120], [-46.679, -3.093], [-46.647, -2.971], [-46.679, -2.881], [-46.575, -2.841], [-46.663, -2.693], [-46.504, -2.614], [-46.491, -2.535], [-46.415, -2.529], [-46.408, -2.369], [-46.464, -2.370], [-46.431, -2.239], [-46.376, -2.247], [-46.280, -2.152], [-46.209, -1.833], [-46.323, -1.765], [-46.153, -1.675], [-46.131, -1.578], [-46.176, -1.475], [-46.103, -1.336], [-46.162, -1.277], [-46.150, -1.224], [-46.076, -1.195], [-46.055, -1.131], [-46.039, -1.172], [-46.015, -1.064], [-45.964, -1.046], [-45.988, -1.089], [-45.952, -1.123], [-45.989, -1.137], [-45.993, -1.162], [-45.941, -1.138], [-45.948, -1.238], [-45.845, -1.045], [-45.838, -1.100], [-45.907, -1.176], [-45.861, -1.151], [-45.904, -1.222], [-45.847, -1.209], [-45.879, -1.259], [-45.859, -1.283], [-45.814, -1.166], [-45.795, -1.221], [-45.839, -1.283], [-45.776, -1.274], [-45.736, -1.134], [-45.679, -1.137], [-45.745, -1.237], [-45.694, -1.267], [-45.699, -1.308], [-45.718, -1.313], [-45.723, -1.321], [-45.729, -1.345], [-45.697, -1.312], [-45.691, -1.335], [-45.677, -1.344], [-45.701, -1.353], [-45.738, -1.382], [-45.700, -1.358], [-45.718, -1.403], [-45.628, -1.365], [-45.579, -1.257], [-45.588, -1.307], [-45.526, -1.266], [-45.553, -1.292], [-45.562, -1.328], [-45.551, -1.350], [-45.500, -1.293], [-45.521, -1.358], [-45.507, -1.377], [-45.526, -1.404], [-45.518, -1.411], [-45.409, -1.289], [-45.488, -1.431], [-45.449, -1.517], [-45.487, -1.529], [-45.443, -1.542], [-45.448, -1.448], [-45.415, -1.415], [-45.428, -1.464], [-45.404, -1.486], [-45.401, -1.421], [-45.347, -1.392], [-45.371, -1.362], [-45.329, -1.361], [-45.355, -1.314], [-45.317, -1.317], [-45.292, -1.421], [-45.387, -1.481], [-45.379, -1.514], [-45.345, -1.469], [-45.374, -1.548], [-45.337, -1.474], [-45.327, -1.516], [-45.321, -1.473], [-45.297, -1.494], [-45.374, -1.677], [-45.352, -1.736], [-45.309, -1.600], [-45.247, -1.622], [-45.143, -1.462], [-45.128, -1.529], [-45.129, -1.459], [-45.101, -1.408], [-45.103, -1.402], [-45.106, -1.393], [-45.110, -1.383], [-45.113, -1.385], [-45.101, -1.360], [-45.092, -1.369], [-45.103, -1.426], [-45.102, -1.491], [-45.091, -1.503], [-45.098, -1.511], [-45.095, -1.513], [-45.091, -1.503], [-45.090, -1.496], [-45.099, -1.478], [-45.077, -1.486], [-45.068, -1.476], [-45.068, -1.457], [-45.070, -1.453], [-45.067, -1.448], [-45.065, -1.454], [-45.064, -1.502], [-45.078, -1.518], [-45.065, -1.506], [-45.061, -1.490], [-45.063, -1.480], [-45.053, -1.477], [-44.958, -1.514], [-44.945, -1.476], [-44.934, -1.486], [-44.949, -1.491], [-44.951, -1.499], [-44.950, -1.505], [-44.942, -1.516], [-44.815, -1.417], [-44.827, -1.487], [-44.879, -1.481], [-44.897, -1.613], [-44.845, -1.623], [-44.821, -1.574], [-44.777, -1.624], [-44.797, -1.659], [-44.772, -1.630], [-44.784, -1.582], [-44.759, -1.561], [-44.769, -1.610], [-44.757, -1.625], [-44.697, -1.552], [-44.719, -1.612], [-44.677, -1.563], [-44.642, -1.623], [-44.656, -1.665], [-44.699, -1.640], [-44.783, -1.670], [-44.804, -1.704], [-44.754, -1.735], [-44.789, -1.744], [-44.787, -1.749], [-44.755, -1.743], [-44.751, -1.731], [-44.772, -1.710], [-44.696, -1.737], [-44.813, -1.814], [-44.710, -1.802], [-44.659, -1.743], [-44.647, -1.790], [-44.654, -1.720], [-44.593, -1.743], [-44.636, -1.795], [-44.632, -1.828], [-44.595, -1.849], [-44.639, -1.857], [-44.583, -1.859], [-44.569, -1.797], [-44.579, -1.859], [-44.529, -1.837], [-44.599, -1.897], [-44.522, -1.882], [-44.487, -1.944], [-44.518, -1.954], [-44.465, -2.015], [-44.499, -2.053], [-44.499, -2.141], [-44.395, -2.213], [-44.355, -2.338], [-44.412, -2.412], [-44.325, -2.499], [-44.022, -2.397], [-44.021, -2.449], [-44.072, -2.436], [-44.101, -2.464], [-43.958, -2.481], [-43.980, -2.572], [-43.856, -2.389], [-43.788, -2.342], [-43.747, -2.372], [-43.728, -2.287], [-43.614, -2.219], [-43.491, -2.371], [-43.379, -2.324], [-43.184, -2.373], [-42.792, -2.559], [-42.744, -2.557], [-42.694, -2.647], [-42.741, -2.555], [-42.710, -2.556], [-42.478, -2.711], [-42.227, -2.666], [-42.220, -2.667], [-42.224, -2.688], [-42.212, -2.701], [-42.050, -2.688], [-42.024, -2.758], [-42.005, -2.714], [-41.823, -2.718], [-41.865, -2.874], [-41.796, -2.966], [-41.938, -3.187], [-42.115, -3.261], [-42.099, -3.311], [-42.203, -3.435], [-42.458, -3.485], [-42.497, -3.447], [-42.675, -3.675], [-42.668, -3.790], [-42.725, -3.909], [-42.988, -4.233], [-42.962, -4.376], [-42.850, -4.480], [-42.954, -4.689], [-42.920, -4.736], [-42.949, -4.790], [-42.854, -4.936], [-42.797, -5.182], [-42.825, -5.346], [-43.098, -5.632], [-43.074, -6.054], [-42.866, -6.234], [-42.828, -6.337], [-42.919, -6.669], [-43.000, -6.754], [-43.244, -6.765], [-43.419, -6.843], [-43.715, -6.698], [-43.928, -6.771], [-44.032, -6.760], [-44.069, -6.820], [-44.113, -6.804], [-44.102, -6.852], [-44.261, -6.998], [-44.305, -7.116], [-44.563, -7.227], [-44.687, -7.394], [-44.816, -7.360], [-44.924, -7.469], [-45.339, -7.579], [-45.455, -7.670], [-45.539, -7.864], [-45.581, -8.155], [-45.661, -8.249], [-45.793, -8.584], [-45.765, -8.609], [-45.934, -8.778], [-45.993, -8.926], [-45.896, -9.186], [-45.893, -9.341], [-45.823, -9.374], [-45.783, -9.479], [-45.841, -9.561], [-45.841, -9.941], [-45.945, -10.258], [-46.003, -10.260], [-46.027, -10.176], [-46.164, -10.212], [-46.210, -10.169], [-46.367, -10.168], [-46.455, -10.049], [-46.493, -9.827], [-46.646, -9.729], [-46.537, -9.557], [-46.560, -9.483], [-46.627, -9.465], [-46.665, -9.391], [-46.762, -9.408], [-46.846, -9.292], [-46.822, -9.198], [-46.925, -9.134], [-46.922, -9.066], [-47.068, -9.063]], [[-44.813, -1.802], [-44.807, -1.806], [-44.810, -1.801], [-44.813, -1.802]], [[-44.569, -1.919], [-44.561, -1.922], [-44.566, -1.917], [-44.569, -1.919]], [[-45.746, -1.372], [-45.753, -1.378], [-45.744, -1.374], [-45.746, -1.372]], [[-45.887, -1.180], [-45.884, -1.183], [-45.877, -1.178], [-45.887, -1.180]], [[-45.820, -1.301], [-45.819, -1.312], [-45.819, -1.297], [-45.820, -1.301]], [[-44.693, -1.816], [-44.687, -1.807], [-44.692, -1.807], [-44.693, -1.816]], [[-45.389, -1.689], [-45.396, -1.693], [-45.387, -1.679], [-45.389, -1.689]], [[-44.800, -1.626], [-44.794, -1.625], [-44.790, -1.618], [-44.800, -1.626]], [[-45.126, -1.539], [-45.122, -1.546], [-45.112, -1.544], [-45.126, -1.539]], [[-45.822, -1.248], [-45.813, -1.227], [-45.822, -1.241], [-45.822, -1.248]], [[-45.573, -1.329], [-45.572, -1.339], [-45.570, -1.329], [-45.573, -1.329]], [[-45.795, -1.322], [-45.802, -1.338], [-45.800, -1.344], [-45.795, -1.322]], [[-44.834, -1.822], [-44.845, -1.828], [-44.820, -1.822], [-44.834, -1.822]], [[-45.370, -1.426], [-45.361, -1.424], [-45.377, -1.421], [-45.370, -1.426]], [[-45.897, -1.239], [-45.902, -1.242], [-45.906, -1.249], [-45.903, -1.259], [-45.897, -1.239]], [[-45.588, -1.328], [-45.584, -1.324], [-45.588, -1.311], [-45.588, -1.328]], [[-45.398, -1.574], [-45.379, -1.539], [-45.383, -1.537], [-45.398, -1.574]]], [[[-44.970, -1.344], [-44.963, -1.277], [-44.881, -1.284], [-44.842, -1.333], [-44.901, -1.331], [-44.982, -1.409], [-45.028, -1.338], [-44.970, -1.344]], [[-44.924, -1.339], [-44.924, -1.345], [-44.921, -1.343], [-44.924, -1.339]], [[-44.915, -1.303], [-44.899, -1.311], [-44.905, -1.304], [-44.915, -1.303]]], [[[-45.677, -1.300], [-45.638, -1.274], [-45.636, -1.177], [-45.615, -1.115], [-45.602, -1.164], [-45.632, -1.220], [-45.621, -1.239], [-45.639, -1.299], [-45.640, -1.310], [-45.632, -1.348], [-45.641, -1.355], [-45.696, -1.361], [-45.672, -1.345], [-45.686, -1.330], [-45.672, -1.312], [-45.677, -1.300]], [[-45.658, -1.291], [-45.654, -1.308], [-45.653, -1.311], [-45.658, -1.291]]], [[[-44.801, -1.529], [-44.803, -1.564], [-44.828, -1.540], [-44.763, -1.483], [-44.801, -1.529]]], [[[-44.774, -1.527], [-44.761, -1.488], [-44.771, -1.461], [-44.753, -1.457], [-44.736, -1.511], [-44.774, -1.527]]], [[[-45.685, -1.196], [-45.657, -1.221], [-45.683, -1.261], [-45.699, -1.234], [-45.685, -1.196]]], [[[-45.570, -1.189], [-45.524, -1.223], [-45.592, -1.246], [-45.570, -1.189]]], [[[-44.602, -1.816], [-44.593, -1.768], [-44.575, -1.779], [-44.602, -1.816]]], [[[-44.728, -1.562], [-44.755, -1.582], [-44.742, -1.537], [-44.728, -1.562]]], [[[-45.816, -1.121], [-45.803, -1.150], [-45.816, -1.147], [-45.816, -1.121]]], [[[-45.795, -1.213], [-45.776, -1.196], [-45.785, -1.227], [-45.795, -1.213]]], [[[-45.533, -1.326], [-45.549, -1.310], [-45.535, -1.302], [-45.533, -1.326]]], [[[-45.068, -1.367], [-45.093, -1.431], [-45.096, -1.418], [-45.068, -1.367]]], [[[-45.073, -1.476], [-45.088, -1.450], [-45.068, -1.466], [-45.073, -1.476]]], [[[-45.032, -1.386], [-45.048, -1.349], [-45.043, -1.342], [-45.032, -1.386]]], [[[-44.740, -1.701], [-44.734, -1.682], [-44.725, -1.691], [-44.740, -1.701]]], [[[-45.690, -1.287], [-45.676, -1.313], [-45.682, -1.316], [-45.690, -1.287]]], [[[-44.451, -2.070], [-44.482, -2.075], [-44.444, -2.057], [-44.451, -2.070]]], [[[-44.485, -2.113], [-44.463, -2.100], [-44.472, -2.124], [-44.485, -2.113]]], [[[-45.412, -1.408], [-45.397, -1.406], [-45.406, -1.418], [-45.412, -1.408]]], [[[-45.061, -1.439], [-45.078, -1.439], [-45.070, -1.424], [-45.061, -1.439]]], [[[-44.734, -1.666], [-44.722, -1.676], [-44.737, -1.672], [-44.734, -1.666]]], [[[-44.438, -2.018], [-44.457, -2.029], [-44.445, -2.007], [-44.438, -2.018]]], [[[-44.622, -1.797], [-44.622, -1.818], [-44.630, -1.788], [-44.622, -1.797]]], [[[-45.082, -1.441], [-45.087, -1.421], [-45.079, -1.418], [-45.082, -1.441]]], [[[-45.506, -1.390], [-45.522, -1.400], [-45.511, -1.388], [-45.506, -1.390]]], [[[-45.054, -1.329], [-45.043, -1.339], [-45.050, -1.344], [-45.054, -1.329]]], [[[-45.787, -1.235], [-45.801, -1.241], [-45.794, -1.234], [-45.787, -1.235]]], [[[-45.010, -1.396], [-44.997, -1.410], [-45.015, -1.395], [-45.010, -1.396]]], [[[-44.605, -1.831], [-44.607, -1.820], [-44.602, -1.833], [-44.605, -1.831]]], [[[-45.631, -1.314], [-45.623, -1.327], [-45.628, -1.339], [-45.631, -1.314]]], [[[-44.823, -1.570], [-44.819, -1.562], [-44.816, -1.570], [-44.823, -1.570]]], [[[-45.567, -1.268], [-45.557, -1.263], [-45.566, -1.273], [-45.567, -1.268]]], [[[-42.755, -2.546], [-42.744, -2.557], [-42.760, -2.557], [-42.755, -2.546]]], [[[-44.009, -2.399], [-44.003, -2.393], [-43.999, -2.390], [-43.996, -2.400], [-44.009, -2.399]]], [[[-44.611, -1.784], [-44.616, -1.781], [-44.602, -1.775], [-44.611, -1.784]]], [[[-45.635, -1.319], [-45.637, -1.304], [-45.636, -1.299], [-45.635, -1.319]]], [[[-45.646, -1.364], [-45.643, -1.358], [-45.639, -1.362], [-45.646, -1.364]]], [[[-45.639, -1.244], [-45.646, -1.250], [-45.649, -1.244], [-45.639, -1.244]]], [[[-44.016, -2.403], [-44.009, -2.399], [-44.014, -2.407], [-44.016, -2.403]]], [[[-45.138, -1.470], [-45.136, -1.464], [-45.136, -1.476], [-45.138, -1.470]]], [[[-44.775, -1.568], [-44.783, -1.571], [-44.772, -1.563], [-44.775, -1.568]]], [[[-44.875, -1.339], [-44.876, -1.344], [-44.881, -1.339], [-44.875, -1.339]]], [[[-45.040, -1.392], [-45.036, -1.390], [-45.039, -1.398], [-45.040, -1.392]]], [[[-45.135, -1.488], [-45.132, -1.485], [-45.134, -1.494], [-45.135, -1.488]]], [[[-44.457, -2.133], [-44.453, -2.130], [-44.451, -2.133], [-44.457, -2.133]]], [[[-45.815, -1.258], [-45.814, -1.254], [-45.812, -1.259], [-45.815, -1.258]]], [[[-47.031, -8.980], [-47.031, -8.985], [-47.035, -8.978], [-47.031, -8.980]]], [[[-45.108, -1.400], [-45.103, -1.402], [-45.106, -1.406], [-45.108, -1.400]]], [[[-45.111, -1.390], [-45.106, -1.393], [-45.108, -1.396], [-45.111, -1.390]]], [[[-45.558, -1.260], [-45.555, -1.257], [-45.555, -1.260], [-45.558, -1.260]]], [[[-44.756, -1.592], [-44.755, -1.587], [-44.754, -1.590], [-44.756, -1.592]]], [[[-45.764, -1.187], [-45.761, -1.185], [-45.760, -1.189], [-45.764, -1.187]]]]}, "properties": {"name": "Maranhão", "sigla": "MA"}}, {"type": "Feature", "geometry": {"type": "Polygon", "coordinates": [[[-44.316, -14.239], [-43.782, -14.338], [-43.873, -14.520], [-43.883, -14.652], [-43.580, -14.750], [-43.530, -14.814], [-43.434, -14.722], [-43.175, -14.650], [-42.938, -14.707], [-42.722, -14.885], [-42.436, -15.022], [-42.442, -15.060], [-42.264, -15.124], [-42.172, -15.085], [-42.091, -15.186], [-41.932, -15.172], [-41.800, -15.100], [-41.356, -15.499], [-41.330, -15.744], [-41.143, -15.771], [-40.961, -15.648], [-40.881, -15.694], [-40.815, -15.648], [-40.767, -15.713], [-40.706, -15.665], [-40.561, -15.802], [-40.460, -15.753], [-40.376, -15.823], [-40.230, -15.803], [-40.170, -15.907], [-40.084, -15.896], [-40.004, -16.001], [-39.915, -16.000], [-39.856, -16.113], [-39.935, -16.244], [-39.916, -16.283], [-39.990, -16.312], [-40.067, -16.457], [-40.097, -16.422], [-40.170, -16.523], [-40.159, -16.579], [-40.275, -16.573], [-40.345, -16.786], [-40.257, -16.806], [-40.281, -16.900], [-40.479, -16.876], [-40.569, -17.061], [-40.547, -17.283], [-40.623, -17.405], [-40.520, -17.446], [-40.460, -17.568], [-40.223, -17.733], [-40.174, -17.852], [-40.263, -17.921], [-40.222, -17.979], [-40.526, -17.891], [-40.704, -18.022], [-40.808, -17.952], [-40.882, -17.970], [-40.771, -18.155], [-40.892, -18.107], [-41.055, -18.166], [-41.158, -18.308], [-41.144, -18.405], [-41.181, -18.438], [-41.023, -18.456], [-41.052, -18.628], [-40.943, -18.687], [-40.916, -18.814], [-41.097, -18.841], [-41.133, -18.795], [-41.232, -18.796], [-41.241, -18.853], [-41.165, -18.857], [-41.017, -18.973], [-41.071, -19.023], [-40.926, -19.188], [-40.944, -19.459], [-40.971, -19.504], [-41.045, -19.487], [-41.036, -19.568], [-41.168, -19.671], [-41.184, -19.888], [-41.307, -19.947], [-41.381, -20.188], [-41.756, -20.206], [-41.780, -20.292], [-41.846, -20.328], [-41.797, -20.434], [-41.855, -20.614], [-41.808, -20.643], [-41.976, -20.935], [-42.151, -20.973], [-42.080, -21.035], [-42.208, -21.177], [-42.189, -21.249], [-42.292, -21.459], [-42.252, -21.489], [-42.368, -21.619], [-42.271, -21.714], [-42.882, -21.959], [-43.072, -22.093], [-43.136, -22.108], [-43.130, -22.029], [-43.246, -22.006], [-43.562, -22.087], [-43.585, -22.051], [-43.733, -22.096], [-43.765, -22.062], [-44.099, -22.172], [-44.235, -22.265], [-44.456, -22.256], [-44.659, -22.379], [-44.723, -22.359], [-44.832, -22.430], [-45.090, -22.482], [-45.394, -22.651], [-45.471, -22.590], [-45.539, -22.652], [-45.583, -22.651], [-45.576, -22.601], [-45.664, -22.650], [-45.660, -22.578], [-45.716, -22.578], [-45.693, -22.651], [-45.819, -22.722], [-45.727, -22.723], [-45.713, -22.814], [-45.754, -22.792], [-45.790, -22.857], [-45.822, -22.829], [-45.888, -22.875], [-45.909, -22.816], [-46.138, -22.922], [-46.144, -22.857], [-46.344, -22.904], [-46.383, -22.869], [-46.334, -22.759], [-46.477, -22.698], [-46.392, -22.662], [-46.433, -22.573], [-46.406, -22.540], [-46.666, -22.413], [-46.722, -22.306], [-46.673, -22.175], [-46.600, -22.134], [-46.722, -22.076], [-46.613, -22.009], [-46.690, -21.836], [-46.625, -21.765], [-46.621, -21.675], [-46.565, -21.678], [-46.517, -21.611], [-46.508, -21.469], [-46.614, -21.440], [-46.665, -21.361], [-46.705, -21.404], [-46.764, -21.359], [-47.010, -21.421], [-46.997, -21.350], [-47.062, -21.209], [-47.118, -21.185], [-47.143, -20.981], [-47.239, -20.884], [-47.185, -20.730], [-47.114, -20.705], [-47.096, -20.643], [-47.153, -20.519], [-47.291, -20.448], [-47.297, -20.347], [-47.230, -20.218], [-47.256, -20.165], [-47.438, -20.049], [-47.465, -19.963], [-47.635, -20.047], [-47.703, -19.979], [-47.859, -19.992], [-47.893, -20.123], [-47.975, -20.034], [-48.019, -20.119], [-48.111, -20.143], [-48.240, -20.028], [-48.245, -20.140], [-48.405, -20.113], [-48.822, -20.161], [-48.884, -20.268], [-48.898, -20.440], [-48.968, -20.393], [-48.991, -20.164], [-49.067, -20.153], [-49.130, -20.279], [-49.217, -20.303], [-49.308, -20.101], [-49.250, -19.970], [-49.439, -19.980], [-49.550, -19.905], [-49.890, -19.943], [-50.102, -19.875], [-50.352, -19.864], [-50.471, -19.779], [-50.656, -19.904], [-50.907, -19.993], [-50.999, -20.084], [-51.045, -19.728], [-50.987, -19.589], [-50.922, -19.575], [-50.961, -19.484], [-50.826, -19.487], [-50.874, -19.422], [-50.816, -19.289], [-50.677, -19.139], [-50.537, -19.098], [-50.508, -18.936], [-50.308, -18.697], [-50.079, -18.671], [-50.016, -18.599], [-49.783, -18.640], [-49.639, -18.599], [-49.647, -18.558], [-49.557, -18.545], [-49.535, -18.493], [-49.378, -18.641], [-49.248, -18.522], [-49.205, -18.411], [-49.108, -18.383], [-49.076, -18.416], [-48.936, -18.305], [-48.815, -18.379], [-48.560, -18.323], [-48.479, -18.379], [-48.313, -18.384], [-48.261, -18.331], [-48.114, -18.426], [-47.980, -18.442], [-47.954, -18.499], [-47.625, -18.333], [-47.638, -18.287], [-47.567, -18.203], [-47.533, -18.230], [-47.282, -18.057], [-47.372, -17.829], [-47.266, -17.608], [-47.330, -17.524], [-47.495, -17.524], [-47.538, -17.388], [-47.511, -17.331], [-47.440, -17.347], [-47.351, -17.166], [-47.126, -16.980], [-47.196, -16.909], [-47.249, -16.666], [-47.458, -16.501], [-47.322, -16.230], [-47.351, -16.131], [-47.300, -16.016], [-47.219, -16.013], [-47.141, -15.926], [-47.086, -15.960], [-46.811, -15.885], [-46.854, -15.619], [-46.948, -15.554], [-46.930, -15.442], [-46.836, -15.322], [-46.940, -15.229], [-46.888, -15.111], [-46.918, -15.049], [-46.856, -15.009], [-46.625, -15.089], [-46.502, -15.051], [-46.565, -14.785], [-46.474, -14.704], [-46.321, -14.814], [-46.286, -14.927], [-46.087, -14.935], [-46.036, -14.873], [-46.003, -14.901], [-45.975, -15.038], [-46.049, -15.165], [-46.118, -15.191], [-46.052, -15.258], [-45.953, -15.139], [-45.721, -15.111], [-45.565, -14.944], [-45.454, -14.953], [-45.205, -14.744], [-45.083, -14.748], [-45.039, -14.679], [-44.843, -14.580], [-44.832, -14.499], [-44.565, -14.339], [-44.316, -14.239]]]}, "properties": {"name": "Minas Gerais", "sigla": "MG"}}, {"type": "Feature", "geometry": {"type": "MultiPolygon", "coordinates": [[[[-53.948, -17.922], [-53.691, -18.013], [-53.614, -17.977], [-53.472, -18.038], [-53.429, -17.983], [-53.071, -18.039], [-53.142, -18.081], [-53.069, -18.342], [-52.948, -18.296], [-52.758, -18.348], [-52.961, -18.540], [-52.916, -18.638], [-52.749, -18.690], [-52.530, -18.657], [-52.333, -18.827], [-52.180, -18.847], [-52.015, -18.982], [-51.939, -18.967], [-51.657, -19.137], [-51.419, -19.166], [-51.057, -19.328], [-50.939, -19.456], [-50.923, -19.558], [-50.987, -19.589], [-51.045, -19.728], [-51.001, -20.095], [-51.068, -20.249], [-51.342, -20.355], [-51.586, -20.634], [-51.634, -20.754], [-51.618, -20.931], [-51.875, -21.135], [-51.867, -21.351], [-51.967, -21.501], [-52.077, -21.514], [-52.075, -21.714], [-52.308, -21.951], [-52.407, -22.141], [-52.998, -22.492], [-53.201, -22.728], [-53.354, -22.776], [-53.606, -22.950], [-53.730, -23.317], [-53.982, -23.459], [-54.129, -23.981], [-54.287, -24.069], [-54.436, -23.906], [-54.670, -23.811], [-54.705, -23.862], [-54.889, -23.898], [-54.939, -23.963], [-55.347, -23.994], [-55.431, -23.940], [-55.434, -23.717], [-55.536, -23.625], [-55.523, -23.196], [-55.596, -23.152], [-55.664, -22.850], [-55.614, -22.655], [-55.721, -22.551], [-55.739, -22.394], [-55.848, -22.283], [-56.209, -22.276], [-56.362, -22.169], [-56.392, -22.074], [-56.501, -22.095], [-56.634, -22.262], [-56.701, -22.218], [-56.841, -22.302], [-56.996, -22.222], [-57.372, -22.231], [-57.576, -22.175], [-57.612, -22.094], [-57.705, -22.090], [-57.802, -22.150], [-57.991, -22.090], [-58.003, -22.031], [-57.912, -21.879], [-57.969, -21.846], [-57.913, -21.791], [-57.945, -21.742], [-57.881, -21.688], [-57.966, -21.525], [-57.854, -21.338], [-57.920, -21.279], [-57.849, -21.219], [-57.867, -21.041], [-57.818, -20.942], [-57.927, -20.897], [-57.858, -20.826], [-57.959, -20.788], [-57.862, -20.741], [-57.919, -20.663], [-57.984, -20.701], [-57.996, -20.434], [-58.083, -20.372], [-58.094, -20.255], [-58.160, -20.262], [-58.121, -20.194], [-58.166, -20.171], [-57.959, -20.021], [-57.902, -20.040], [-57.858, -19.969], [-58.131, -19.757], [-57.783, -19.033], [-57.693, -19.010], [-57.719, -18.898], [-57.766, -18.898], [-57.557, -18.239], [-57.453, -18.230], [-57.574, -18.131], [-57.794, -17.559], [-57.711, -17.543], [-57.683, -17.715], [-57.451, -17.902], [-57.376, -17.825], [-57.044, -17.729], [-56.958, -17.610], [-56.981, -17.579], [-56.875, -17.532], [-56.828, -17.390], [-56.733, -17.309], [-56.647, -17.339], [-56.501, -17.285], [-56.442, -17.330], [-56.112, -17.166], [-56.044, -17.171], [-55.938, -17.276], [-55.640, -17.338], [-55.523, -17.480], [-55.292, -17.542], [-55.126, -17.652], [-54.860, -17.623], [-54.748, -17.522], [-54.581, -17.467], [-54.480, -17.487], [-54.382, -17.571], [-54.387, -17.631], [-54.301, -17.661], [-54.178, -17.602], [-54.076, -17.614], [-54.037, -17.485], [-53.951, -17.458], [-53.708, -17.227], [-53.705, -17.661], [-53.805, -17.671], [-53.887, -17.748], [-53.955, -17.882], [-53.948, -17.922]]], [[[-53.872, -17.916], [-53.871, -17.921], [-53.874, -17.918], [-53.872, -17.916]]]]}, "properties": {"name": "Mato Grosso do Sul", "sigla": "MS"}}, {"type": "Feature", "geometry": {"type": "MultiPolygon", "coordinates": [[[[-60.360, -13.299], [-60.267, -13.144], [-60.282, -13.080], [-60.085, -12.898], [-60.068, -12.615], [-59.934, -12.486], [-59.855, -12.478], [-59.773, -12.340], [-59.891, -12.245], [-59.984, -11.913], [-60.108, -11.839], [-60.114, -11.591], [-59.920, -11.397], [-59.976, -11.121], [-60.204, -11.111], [-60.300, -11.056], [-60.347, -11.108], [-60.459, -10.989], [-61.549, -10.985], [-61.510, -10.793], [-61.473, -10.797], [-61.461, -10.419], [-61.599, -10.154], [-61.507, -9.860], [-61.573, -9.717], [-61.477, -9.626], [-61.578, -9.471], [-61.552, -9.387], [-61.625, -9.362], [-61.632, -9.266], [-61.525, -9.243], [-61.554, -9.089], [-61.468, -8.917], [-61.582, -8.798], [-58.415, -8.792], [-58.325, -8.719], [-58.436, -8.703], [-58.390, -8.602], [-58.416, -8.491], [-58.314, -8.322], [-58.286, -8.128], [-58.382, -7.838], [-58.201, -7.620], [-58.212, -7.458], [-58.137, -7.348], [-57.972, -7.534], [-57.828, -7.972], [-57.642, -8.213], [-57.686, -8.413], [-57.592, -8.756], [-57.427, -8.782], [-57.380, -8.880], [-57.192, -8.929], [-57.038, -9.097], [-57.057, -9.183], [-56.995, -9.233], [-56.819, -9.245], [-56.760, -9.404], [-56.671, -9.367], [-50.224, -9.840], [-50.391, -10.133], [-50.417, -10.355], [-50.602, -10.660], [-50.570, -10.752], [-50.621, -10.839], [-50.608, -11.067], [-50.738, -11.434], [-50.739, -11.538], [-50.656, -11.600], [-50.721, -11.739], [-50.638, -11.884], [-50.686, -12.201], [-50.643, -12.222], [-50.617, -12.428], [-50.706, -12.609], [-50.646, -12.650], [-50.622, -12.819], [-50.579, -12.801], [-50.597, -12.826], [-50.519, -12.835], [-50.501, -12.883], [-50.610, -13.062], [-50.606, -13.310], [-50.762, -13.529], [-50.803, -13.690], [-50.871, -13.732], [-50.833, -14.089], [-50.917, -14.114], [-50.974, -14.290], [-50.998, -14.418], [-50.962, -14.526], [-51.085, -14.917], [-51.242, -15.034], [-51.337, -14.972], [-51.535, -15.069], [-51.651, -15.179], [-51.699, -15.484], [-51.727, -15.550], [-51.775, -15.537], [-51.762, -15.645], [-51.879, -15.824], [-51.946, -15.810], [-52.007, -15.885], [-52.252, -15.892], [-52.327, -16.068], [-52.525, -16.140], [-52.546, -16.260], [-52.681, -16.303], [-52.687, -16.395], [-52.603, -16.464], [-52.635, -16.551], [-52.738, -16.589], [-52.715, -16.638], [-52.746, -16.630], [-52.785, -16.740], [-52.932, -16.802], [-52.950, -16.859], [-53.010, -16.857], [-53.055, -17.069], [-53.218, -17.298], [-53.246, -17.690], [-53.168, -17.765], [-53.071, -18.039], [-53.429, -17.983], [-53.472, -18.038], [-53.614, -17.977], [-53.691, -18.013], [-53.859, -17.920], [-53.948, -17.922], [-53.855, -17.702], [-53.705, -17.661], [-53.708, -17.227], [-53.951, -17.458], [-54.037, -17.485], [-54.084, -17.618], [-54.178, -17.602], [-54.335, -17.661], [-54.480, -17.487], [-54.581, -17.467], [-54.748, -17.522], [-54.860, -17.623], [-55.126, -17.652], [-55.292, -17.542], [-55.523, -17.480], [-55.640, -17.338], [-55.938, -17.276], [-56.044, -17.171], [-56.112, -17.166], [-56.442, -17.330], [-56.501, -17.285], [-56.647, -17.339], [-56.733, -17.309], [-56.828, -17.390], [-56.875, -17.532], [-56.981, -17.579], [-56.958, -17.610], [-57.044, -17.729], [-57.376, -17.825], [-57.451, -17.902], [-57.683, -17.715], [-57.727, -17.529], [-57.751, -17.563], [-57.883, -17.449], [-57.991, -17.513], [-58.042, -17.492], [-58.151, -17.384], [-58.254, -17.352], [-58.394, -17.183], [-58.423, -16.989], [-58.473, -16.933], [-58.469, -16.703], [-58.435, -16.591], [-58.333, -16.489], [-58.320, -16.264], [-58.387, -16.260], [-58.429, -16.320], [-60.171, -16.265], [-60.237, -15.473], [-60.564, -15.108], [-60.243, -15.096], [-60.271, -14.619], [-60.321, -14.605], [-60.489, -14.188], [-60.478, -14.095], [-60.381, -13.986], [-60.491, -13.856], [-60.466, -13.795], [-60.716, -13.681], [-60.631, -13.571], [-60.387, -13.454], [-60.360, -13.299]]], [[[-60.362, -13.296], [-60.360, -13.299], [-60.364, -13.299], [-60.362, -13.296]]]]}, "properties": {"name": "Mato Grosso", "sigla": "MT"}}, {"type": "Feature", "geometry": {"type": "MultiPolygon", "coordinates": [[[[-46.951, -0.734], [-46.979, -0.777], [-46.955, -0.860], [-46.917, -0.875], [-46.845, -0.735], [-46.850, -0.863], [-46.816, -0.828], [-46.826, -0.895], [-46.801, -0.861], [-46.788, -0.899], [-46.765, -0.817], [-46.745, -0.920], [-46.721, -0.826], [-46.673, -0.861], [-46.685, -0.806], [-46.637, -0.787], [-46.608, -0.841], [-46.644, -0.868], [-46.634, -0.928], [-46.683, -0.951], [-46.674, -0.975], [-46.580, -0.973], [-46.550, -0.903], [-46.536, -0.977], [-46.510, -0.883], [-46.426, -0.857], [-46.499, -0.972], [-46.463, -0.975], [-46.486, -1.000], [-46.468, -1.052], [-46.412, -1.019], [-46.412, -1.039], [-46.429, -1.053], [-46.428, -1.065], [-46.408, -1.061], [-46.409, -1.017], [-46.423, -1.006], [-46.418, -0.996], [-46.390, -0.986], [-46.374, -1.051], [-46.344, -0.996], [-46.348, -1.072], [-46.305, -1.083], [-46.332, -1.061], [-46.316, -1.014], [-46.300, -1.054], [-46.283, -1.047], [-46.306, -1.009], [-46.267, -0.995], [-46.264, -0.917], [-46.189, -0.894], [-46.251, -0.997], [-46.214, -0.979], [-46.206, -1.039], [-46.261, -1.122], [-46.272, -1.171], [-46.171, -0.992], [-46.204, -1.131], [-46.172, -1.155], [-46.165, -1.083], [-46.148, -1.134], [-46.147, -1.067], [-46.072, -1.018], [-46.100, -1.070], [-46.097, -1.195], [-46.162, -1.277], [-46.103, -1.336], [-46.176, -1.475], [-46.131, -1.578], [-46.153, -1.675], [-46.323, -1.765], [-46.209, -1.833], [-46.280, -2.152], [-46.376, -2.247], [-46.431, -2.239], [-46.464, -2.370], [-46.408, -2.369], [-46.415, -2.529], [-46.491, -2.535], [-46.504, -2.614], [-46.663, -2.693], [-46.575, -2.841], [-46.679, -2.881], [-46.647, -2.971], [-46.679, -3.093], [-46.747, -3.120], [-46.723, -3.150], [-46.773, -3.175], [-46.812, -3.309], [-46.942, -3.374], [-46.948, -3.476], [-47.037, -3.562], [-47.087, -3.855], [-47.318, -4.046], [-47.372, -4.244], [-47.473, -4.314], [-47.581, -4.519], [-47.679, -4.608], [-47.789, -4.585], [-48.754, -5.348], [-48.590, -5.421], [-48.384, -5.393], [-48.300, -5.522], [-48.137, -5.602], [-48.173, -5.708], [-48.294, -5.756], [-48.231, -5.945], [-48.334, -6.003], [-48.291, -6.103], [-48.431, -6.176], [-48.382, -6.379], [-48.499, -6.350], [-48.612, -6.453], [-48.664, -6.662], [-48.813, -6.751], [-49.018, -6.783], [-49.209, -6.925], [-49.184, -7.234], [-49.383, -7.543], [-49.322, -7.681], [-49.150, -7.801], [-49.215, -8.193], [-49.282, -8.379], [-49.376, -8.454], [-49.409, -8.579], [-49.591, -8.839], [-49.744, -8.905], [-49.907, -9.173], [-50.037, -9.289], [-50.089, -9.545], [-50.224, -9.840], [-56.671, -9.367], [-56.753, -9.405], [-56.819, -9.245], [-56.995, -9.233], [-57.057, -9.183], [-57.038, -9.097], [-57.192, -8.929], [-57.380, -8.880], [-57.427, -8.782], [-57.592, -8.756], [-57.686, -8.413], [-57.642, -8.213], [-57.828, -7.972], [-57.897, -7.675], [-58.058, -7.400], [-58.169, -7.312], [-58.209, -7.133], [-58.434, -6.908], [-58.477, -6.699], [-58.262, -6.468], [-56.401, -2.456], [-56.465, -2.422], [-56.383, -2.270], [-56.219, -2.195], [-56.098, -2.026], [-56.413, -2.175], [-56.526, -2.138], [-56.678, -2.212], [-56.768, -2.165], [-56.734, -2.021], [-56.858, -2.015], [-57.036, -1.911], [-57.063, -1.808], [-57.162, -1.768], [-57.164, -1.720], [-57.392, -1.722], [-57.402, -1.675], [-57.528, -1.652], [-57.602, -1.569], [-57.678, -1.594], [-57.712, -1.503], [-57.783, -1.507], [-57.823, -1.439], [-57.959, -1.401], [-58.000, -1.329], [-57.971, -1.162], [-58.017, -1.105], [-58.162, -1.229], [-58.429, -1.026], [-58.435, -0.883], [-58.704, -0.678], [-58.724, -0.441], [-58.871, -0.342], [-58.894, 1.228], [-58.820, 1.171], [-58.738, 1.200], [-58.704, 1.294], [-58.495, 1.268], [-58.457, 1.371], [-58.508, 1.463], [-58.385, 1.470], [-58.389, 1.535], [-58.321, 1.597], [-58.160, 1.560], [-58.128, 1.499], [-58.003, 1.503], [-57.989, 1.659], [-57.912, 1.648], [-57.774, 1.729], [-57.649, 1.682], [-57.537, 1.700], [-57.437, 1.827], [-57.432, 1.906], [-57.304, 1.999], [-57.230, 1.938], [-57.086, 2.028], [-57.013, 1.915], [-56.919, 1.930], [-56.790, 1.852], [-56.720, 1.926], [-56.620, 1.946], [-56.575, 1.907], [-56.450, 1.956], [-56.248, 1.878], [-55.955, 1.845], [-55.903, 1.888], [-55.935, 1.986], [-55.902, 2.041], [-56.054, 2.185], [-56.042, 2.228], [-56.138, 2.266], [-56.089, 2.372], [-56.021, 2.343], [-55.977, 2.527], [-55.717, 2.402], [-55.499, 2.443], [-55.384, 2.418], [-55.319, 2.515], [-54.953, 2.584], [-54.762, 2.202], [-54.812, 2.063], [-54.753, 1.967], [-54.744, 1.776], [-54.308, 1.741], [-54.190, 1.625], [-54.143, 1.640], [-54.085, 1.488], [-54.008, 1.519], [-53.849, 1.392], [-53.803, 1.423], [-53.731, 1.386], [-53.716, 1.432], [-53.666, 1.373], [-53.649, 1.408], [-53.650, 1.336], [-53.538, 1.341], [-53.535, 1.212], [-53.426, 1.243], [-53.399, 1.158], [-53.459, 1.127], [-53.411, 0.929], [-53.105, 0.684], [-53.174, 0.382], [-52.933, -0.139], [-52.851, -0.149], [-52.689, -0.302], [-52.702, -0.458], [-52.639, -0.584], [-52.522, -0.588], [-52.497, -0.730], [-52.538, -0.854], [-52.455, -0.829], [-52.402, -0.876], [-52.426, -1.050], [-52.332, -1.115], [-52.119, -1.145], [-52.099, -1.226], [-52.054, -1.233], [-52.061, -1.184], [-51.990, -1.171], [-51.984, -1.121], [-51.956, -1.168], [-51.925, -1.131], [-51.808, -1.156], [-51.703, -1.067], [-51.678, -0.784], [-51.215, -0.118], [-51.084, -0.087], [-50.933, 0.070], [-50.667, 0.185], [-50.555, 0.307], [-50.436, 0.600], [-50.346, 0.667], [-50.156, 0.705], [-50.093, 0.702], [-50.040, 0.573], [-50.060, 0.338], [-49.738, 0.322], [-49.677, 0.366], [-49.396, 0.016], [-48.930, -0.225], [-48.411, -0.256], [-48.390, -0.362], [-48.472, -0.498], [-47.999, -0.663], [-47.989, -0.705], [-47.897, -0.552], [-47.841, -0.586], [-47.870, -0.677], [-47.840, -0.679], [-47.823, -0.666], [-47.814, -0.560], [-47.767, -0.637], [-47.763, -0.565], [-47.703, -0.534], [-47.698, -0.592], [-47.636, -0.603], [-47.626, -0.700], [-47.578, -0.581], [-47.541, -0.604], [-47.487, -0.764], [-47.443, -0.588], [-47.425, -0.655], [-47.322, -0.593], [-47.292, -0.645], [-47.212, -0.637], [-47.243, -0.706], [-47.160, -0.667], [-47.169, -0.776], [-47.088, -0.662], [-47.057, -0.805], [-47.040, -0.728], [-46.951, -0.734]]], [[[-46.415, -0.932], [-46.411, -0.970], [-46.437, -0.986], [-46.415, -0.932]]], [[[-46.090, -1.068], [-46.060, -1.094], [-46.066, -1.104], [-46.090, -1.068]]], [[[-47.033, -0.707], [-47.023, -0.691], [-47.005, -0.700], [-47.033, -0.707]]], [[[-46.374, -0.987], [-46.374, -1.011], [-46.380, -1.012], [-46.374, -0.987]]], [[[-47.836, -0.666], [-47.841, -0.657], [-47.833, -0.653], [-47.836, -0.666]]], [[[-46.435, -1.009], [-46.450, -1.009], [-46.437, -1.001], [-46.435, -1.009]]], [[[-46.323, -0.956], [-46.322, -0.944], [-46.315, -0.950], [-46.323, -0.956]]], [[[-46.600, -0.830], [-46.606, -0.825], [-46.600, -0.826], [-46.600, -0.830]]], [[[-46.600, -0.858], [-46.606, -0.853], [-46.601, -0.854], [-46.600, -0.858]]], [[[-47.032, -0.717], [-47.042, -0.722], [-47.044, -0.719], [-47.032, -0.717]]], [[[-46.467, -0.963], [-46.474, -0.964], [-46.468, -0.957], [-46.467, -0.963]]], [[[-46.206, -0.940], [-46.202, -0.936], [-46.198, -0.940], [-46.206, -0.940]]], [[[-46.954, -0.740], [-46.951, -0.734], [-46.949, -0.738], [-46.954, -0.740]]], [[[-47.021, -0.715], [-47.016, -0.713], [-47.018, -0.717], [-47.021, -0.715]]], [[[-46.270, -0.933], [-46.265, -0.932], [-46.267, -0.936], [-46.270, -0.933]]]]}, "properties": {"name": "Pará", "sigla": "PA"}}, {"type": "Feature", "geometry": {"type": "MultiPolygon", "coordinates": [[[[-37.458, -6.144], [-37.173, -6.047], [-37.156, -6.152], [-37.376, -6.343], [-37.396, -6.513], [-37.482, -6.550], [-37.484, -6.709], [-37.283, -6.693], [-37.234, -6.824], [-37.001, -6.709], [-36.956, -6.790], [-36.834, -6.730], [-36.729, -6.835], [-36.765, -6.935], [-36.718, -6.982], [-36.687, -6.926], [-36.609, -6.936], [-36.506, -6.812], [-36.557, -6.710], [-36.524, -6.599], [-36.435, -6.625], [-36.528, -6.446], [-36.499, -6.357], [-36.429, -6.361], [-36.394, -6.293], [-36.279, -6.308], [-36.295, -6.392], [-36.249, -6.436], [-36.079, -6.404], [-35.977, -6.488], [-35.657, -6.445], [-35.169, -6.557], [-35.095, -6.497], [-35.057, -6.527], [-34.970, -6.484], [-34.938, -6.752], [-34.853, -6.899], [-34.850, -6.964], [-34.868, -6.978], [-34.867, -7.008], [-34.854, -7.027], [-34.829, -6.966], [-34.843, -7.055], [-34.793, -7.154], [-34.825, -7.547], [-34.960, -7.538], [-35.079, -7.396], [-35.243, -7.373], [-35.420, -7.473], [-35.478, -7.444], [-35.532, -7.654], [-35.997, -7.812], [-36.216, -7.763], [-36.263, -7.831], [-36.423, -7.815], [-36.445, -7.915], [-36.551, -7.898], [-36.576, -7.959], [-36.610, -7.947], [-36.657, -8.079], [-36.628, -8.110], [-36.990, -8.302], [-37.163, -8.165], [-37.149, -8.023], [-37.192, -7.960], [-37.355, -7.974], [-37.244, -7.873], [-37.243, -7.818], [-37.151, -7.779], [-37.194, -7.651], [-37.167, -7.581], [-36.983, -7.481], [-37.025, -7.387], [-37.232, -7.274], [-37.496, -7.367], [-37.532, -7.472], [-37.706, -7.550], [-37.738, -7.659], [-37.782, -7.626], [-37.858, -7.653], [-37.971, -7.776], [-38.039, -7.747], [-38.076, -7.830], [-38.163, -7.779], [-38.286, -7.829], [-38.357, -7.676], [-38.409, -7.730], [-38.593, -7.753], [-38.717, -7.608], [-38.654, -7.565], [-38.644, -7.459], [-38.584, -7.434], [-38.534, -7.293], [-38.625, -7.191], [-38.687, -7.189], [-38.669, -7.047], [-38.764, -6.993], [-38.764, -6.910], [-38.613, -6.782], [-38.672, -6.696], [-38.611, -6.512], [-38.517, -6.408], [-38.601, -6.389], [-38.457, -6.329], [-38.485, -6.398], [-38.400, -6.409], [-38.288, -6.505], [-38.115, -6.521], [-38.051, -6.442], [-38.012, -6.467], [-38.013, -6.427], [-37.927, -6.421], [-37.810, -6.291], [-37.757, -6.290], [-37.748, -6.193], [-37.458, -6.144]]], [[[-34.867, -6.991], [-34.847, -6.985], [-34.859, -7.013], [-34.867, -6.991]]]]}, "properties": {"name": "Paraíba", "sigla": "PB"}}, {"type": "Feature", "geometry": {"type": "MultiPolygon", "coordinates": [[[[-37.275, -7.274], [-37.025, -7.387], [-36.983, -7.481], [-37.167, -7.581], [-37.194, -7.651], [-37.151, -7.779], [-37.243, -7.818], [-37.244, -7.873], [-37.355, -7.974], [-37.192, -7.960], [-37.149, -8.023], [-37.163, -8.165], [-36.990, -8.302], [-36.628, -8.110], [-36.657, -8.079], [-36.610, -7.947], [-36.576, -7.959], [-36.551, -7.898], [-36.445, -7.915], [-36.423, -7.815], [-36.263, -7.831], [-36.216, -7.763], [-35.997, -7.812], [-35.532, -7.654], [-35.478, -7.444], [-35.420, -7.473], [-35.243, -7.373], [-35.079, -7.396], [-34.960, -7.538], [-34.839, -7.543], [-34.807, -7.624], [-34.845, -7.688], [-34.837, -8.005], [-35.152, -8.912], [-35.467, -8.814], [-35.747, -8.916], [-35.787, -8.850], [-35.895, -8.853], [-36.126, -8.955], [-36.111, -9.017], [-36.266, -9.101], [-36.224, -9.170], [-36.436, -9.211], [-36.603, -9.340], [-36.693, -9.274], [-36.867, -9.268], [-36.952, -9.382], [-37.105, -9.239], [-37.163, -9.275], [-37.198, -9.215], [-37.233, -9.239], [-37.315, -9.093], [-37.468, -9.027], [-37.489, -8.965], [-37.643, -9.017], [-37.698, -8.992], [-37.759, -8.857], [-37.828, -8.893], [-37.838, -8.977], [-37.978, -9.147], [-38.091, -9.172], [-38.237, -9.329], [-38.318, -9.140], [-38.295, -9.022], [-38.483, -9.001], [-38.519, -8.947], [-38.479, -8.849], [-38.570, -8.831], [-38.640, -8.986], [-38.798, -8.792], [-38.953, -8.803], [-39.032, -8.736], [-39.223, -8.710], [-39.282, -8.567], [-39.383, -8.533], [-39.690, -8.661], [-39.691, -8.796], [-39.894, -8.831], [-39.873, -8.930], [-39.957, -9.048], [-40.128, -9.109], [-40.250, -9.060], [-40.334, -9.353], [-40.420, -9.352], [-40.467, -9.420], [-40.622, -9.482], [-40.776, -9.454], [-40.667, -9.158], [-40.819, -9.079], [-40.920, -8.835], [-41.020, -8.843], [-41.035, -8.785], [-41.124, -8.752], [-41.113, -8.703], [-41.281, -8.735], [-41.357, -8.707], [-41.216, -8.645], [-40.999, -8.400], [-40.926, -8.445], [-40.893, -8.357], [-40.837, -8.380], [-40.782, -8.254], [-40.589, -8.137], [-40.543, -7.835], [-40.673, -7.761], [-40.644, -7.607], [-40.712, -7.472], [-40.548, -7.392], [-40.318, -7.373], [-40.246, -7.433], [-39.662, -7.310], [-39.317, -7.540], [-39.277, -7.606], [-39.306, -7.664], [-39.135, -7.722], [-39.090, -7.857], [-39.017, -7.813], [-38.965, -7.844], [-38.939, -7.758], [-38.714, -7.621], [-38.593, -7.753], [-38.409, -7.730], [-38.357, -7.676], [-38.286, -7.829], [-38.163, -7.779], [-38.076, -7.830], [-38.039, -7.747], [-37.971, -7.776], [-37.858, -7.653], [-37.782, -7.626], [-37.738, -7.659], [-37.706, -7.550], [-37.532, -7.472], [-37.496, -7.367], [-37.385, -7.356], [-37.275, -7.274]]], [[[-32.407, -3.837], [-32.424, -3.878], [-32.467, -3.877], [-32.442, -3.850], [-32.407, -3.837]]], [[[-32.397, -3.833], [-32.399, -3.831], [-32.398, -3.830], [-32.397, -3.833]]]]}, "properties": {"name": "Pernambuco", "sigla": "PE"}}, {"type": "Feature", "geometry": {"type": "Polygon", "coordinates": [[[-41.813, -2.738], [-41.593, -2.905], [-41.322, -2.920], [-41.256, -3.004], [-41.256, -3.087], [-41.423, -3.367], [-41.298, -3.490], [-41.370, -3.566], [-41.341, -3.680], [-41.239, -3.712], [-41.300, -3.825], [-41.219, -3.941], [-41.254, -4.035], [-41.114, -4.040], [-41.142, -4.123], [-41.090, -4.169], [-41.242, -4.571], [-41.173, -4.667], [-41.249, -4.756], [-41.207, -4.776], [-41.248, -4.868], [-41.131, -5.047], [-40.925, -5.181], [-40.942, -5.419], [-40.900, -5.615], [-40.938, -5.672], [-40.874, -5.974], [-40.906, -6.041], [-40.780, -6.323], [-40.791, -6.512], [-40.731, -6.653], [-40.475, -6.734], [-40.431, -6.812], [-40.370, -6.802], [-40.428, -6.863], [-40.405, -7.004], [-40.489, -7.118], [-40.548, -7.392], [-40.712, -7.472], [-40.644, -7.607], [-40.673, -7.761], [-40.543, -7.835], [-40.589, -8.137], [-40.782, -8.254], [-40.818, -8.361], [-40.893, -8.357], [-40.926, -8.445], [-40.999, -8.400], [-41.216, -8.645], [-41.381, -8.708], [-41.544, -8.960], [-41.723, -9.013], [-41.837, -9.241], [-42.243, -9.288], [-42.491, -9.493], [-42.719, -9.530], [-42.764, -9.616], [-42.945, -9.518], [-42.971, -9.407], [-43.119, -9.372], [-43.278, -9.424], [-43.485, -9.264], [-43.769, -9.441], [-43.849, -9.547], [-43.784, -9.761], [-43.652, -9.838], [-43.708, -9.912], [-43.661, -10.003], [-43.692, -10.076], [-43.765, -10.079], [-43.916, -10.423], [-44.028, -10.415], [-44.129, -10.632], [-44.263, -10.624], [-44.335, -10.548], [-44.502, -10.649], [-44.577, -10.626], [-44.667, -10.685], [-44.667, -10.759], [-44.930, -10.928], [-45.072, -10.840], [-45.247, -10.821], [-45.435, -10.619], [-45.446, -10.507], [-45.396, -10.446], [-45.578, -10.121], [-45.726, -10.156], [-45.733, -10.228], [-45.793, -10.267], [-45.945, -10.258], [-45.954, -10.218], [-45.878, -10.109], [-45.820, -9.772], [-45.841, -9.561], [-45.783, -9.479], [-45.823, -9.374], [-45.893, -9.341], [-45.896, -9.186], [-45.993, -8.926], [-45.934, -8.778], [-45.765, -8.609], [-45.793, -8.584], [-45.730, -8.411], [-45.581, -8.155], [-45.496, -7.749], [-45.339, -7.579], [-44.924, -7.469], [-44.816, -7.360], [-44.687, -7.394], [-44.563, -7.227], [-44.305, -7.116], [-44.261, -6.998], [-44.052, -6.767], [-43.715, -6.698], [-43.419, -6.843], [-43.244, -6.765], [-43.000, -6.754], [-42.919, -6.669], [-42.828, -6.337], [-42.866, -6.234], [-43.074, -6.054], [-43.098, -5.632], [-42.825, -5.346], [-42.797, -5.182], [-42.854, -4.936], [-42.949, -4.790], [-42.920, -4.736], [-42.954, -4.689], [-42.850, -4.480], [-42.962, -4.376], [-42.988, -4.233], [-42.725, -3.909], [-42.668, -3.790], [-42.675, -3.675], [-42.497, -3.447], [-42.458, -3.485], [-42.203, -3.435], [-42.096, -3.303], [-42.134, -3.280], [-41.999, -3.240], [-41.823, -3.024], [-41.796, -2.966], [-41.865, -2.874], [-41.848, -2.773], [-41.813, -2.738]]]}, "properties": {"name": "Piauí", "sigla": "PI"}}, {"type": "Feature", "geometry": {"type": "Polygon", "coordinates": [[[-52.125, -22.518], [-51.873, -22.627], [-51.752, -22.617], [-51.717, -22.668], [-51.559, -22.696], [-51.445, -22.652], [-51.263, -22.668], [-51.154, -22.752], [-50.890, -22.795], [-50.792, -22.893], [-50.805, -22.939], [-50.741, -22.960], [-50.661, -22.895], [-50.504, -22.945], [-50.379, -22.904], [-50.339, -22.947], [-50.182, -22.953], [-49.985, -22.897], [-49.901, -22.998], [-49.911, -23.050], [-49.726, -23.107], [-49.594, -23.366], [-49.618, -23.396], [-49.566, -23.426], [-49.628, -23.511], [-49.616, -23.639], [-49.549, -23.703], [-49.561, -23.818], [-49.610, -23.851], [-49.511, -23.925], [-49.429, -24.086], [-49.336, -24.137], [-49.355, -24.211], [-49.282, -24.307], [-49.200, -24.343], [-49.315, -24.555], [-49.304, -24.672], [-49.055, -24.682], [-49.004, -24.633], [-48.957, -24.684], [-48.828, -24.655], [-48.660, -24.705], [-48.581, -24.671], [-48.498, -24.738], [-48.597, -25.002], [-48.555, -25.083], [-48.410, -24.979], [-48.333, -25.070], [-48.251, -24.978], [-48.156, -25.144], [-48.186, -25.198], [-48.114, -25.250], [-48.023, -25.230], [-48.208, -25.460], [-48.309, -25.492], [-48.297, -25.566], [-48.438, -25.654], [-48.590, -25.976], [-49.174, -26.001], [-49.554, -26.236], [-49.727, -26.169], [-49.832, -26.052], [-49.941, -26.008], [-49.972, -26.057], [-49.993, -26.011], [-50.120, -26.063], [-50.171, -26.024], [-50.182, -26.078], [-50.251, -26.029], [-50.331, -26.083], [-50.323, -26.134], [-50.459, -26.026], [-50.549, -26.038], [-50.571, -26.003], [-50.591, -26.042], [-50.552, -26.054], [-50.627, -26.062], [-50.731, -26.202], [-50.718, -26.244], [-50.868, -26.241], [-50.899, -26.288], [-50.934, -26.233], [-50.944, -26.282], [-51.082, -26.227], [-51.242, -26.323], [-51.297, -26.418], [-51.228, -26.615], [-51.390, -26.663], [-51.411, -26.716], [-51.509, -26.581], [-51.873, -26.599], [-52.010, -26.566], [-52.185, -26.444], [-52.601, -26.413], [-52.737, -26.341], [-53.090, -26.390], [-53.280, -26.246], [-53.551, -26.292], [-53.642, -26.252], [-53.740, -26.116], [-53.734, -26.042], [-53.833, -25.970], [-53.822, -25.792], [-53.892, -25.622], [-53.956, -25.644], [-54.010, -25.566], [-54.078, -25.558], [-54.098, -25.618], [-54.099, -25.494], [-54.206, -25.542], [-54.177, -25.584], [-54.285, -25.556], [-54.378, -25.594], [-54.429, -25.694], [-54.499, -25.614], [-54.593, -25.591], [-54.617, -25.452], [-54.429, -25.158], [-54.441, -24.948], [-54.324, -24.660], [-54.326, -24.470], [-54.257, -24.362], [-54.340, -24.128], [-54.099, -23.945], [-53.982, -23.459], [-53.730, -23.317], [-53.606, -22.950], [-52.971, -22.570], [-52.701, -22.626], [-52.586, -22.566], [-52.502, -22.633], [-52.249, -22.614], [-52.222, -22.673], [-52.156, -22.644], [-52.125, -22.518]]]}, "properties": {"name": "Paraná", "sigla": "PR"}}, {"type": "Feature", "geometry": {"type": "MultiPolygon", "coordinates": [[[[-44.512, -23.292], [-44.591, -23.362], [-44.640, -23.332], [-44.723, -23.367], [-44.874, -23.248], [-44.802, -22.998], [-44.494, -22.845], [-44.466, -22.884], [-44.269, -22.829], [-44.160, -22.677], [-44.226, -22.604], [-44.355, -22.613], [-44.383, -22.573], [-44.508, -22.640], [-44.633, -22.608], [-44.793, -22.386], [-44.659, -22.379], [-44.432, -22.251], [-44.235, -22.265], [-44.099, -22.172], [-43.765, -22.062], [-43.733, -22.096], [-43.585, -22.051], [-43.562, -22.087], [-43.246, -22.006], [-43.130, -22.029], [-43.136, -22.108], [-43.072, -22.093], [-42.882, -21.959], [-42.271, -21.714], [-42.368, -21.619], [-42.252, -21.489], [-42.292, -21.459], [-42.189, -21.249], [-42.208, -21.177], [-42.080, -21.035], [-42.151, -20.973], [-41.976, -20.935], [-41.927, -20.794], [-41.874, -20.766], [-41.755, -20.807], [-41.711, -20.871], [-41.717, -21.123], [-41.276, -21.239], [-41.092, -21.218], [-40.957, -21.302], [-41.073, -21.514], [-41.009, -21.611], [-40.984, -21.999], [-41.203, -22.131], [-41.688, -22.299], [-41.960, -22.534], [-41.984, -22.717], [-41.931, -22.767], [-41.863, -22.754], [-42.030, -22.904], [-42.012, -22.997], [-42.076, -22.955], [-42.517, -22.932], [-43.051, -22.982], [-43.135, -22.938], [-43.026, -22.741], [-43.085, -22.677], [-43.277, -22.780], [-43.237, -22.876], [-43.150, -22.950], [-43.285, -23.016], [-43.443, -23.021], [-43.553, -23.075], [-43.711, -23.055], [-43.572, -23.050], [-43.855, -22.901], [-44.046, -22.983], [-44.046, -22.938], [-44.193, -23.054], [-44.250, -23.049], [-44.248, -22.995], [-44.350, -23.030], [-44.299, -22.957], [-44.344, -22.921], [-44.383, -22.971], [-44.422, -22.950], [-44.444, -23.026], [-44.667, -23.053], [-44.717, -23.184], [-44.712, -23.233], [-44.642, -23.185], [-44.624, -23.221], [-44.662, -23.214], [-44.692, -23.252], [-44.613, -23.234], [-44.655, -23.295], [-44.559, -23.227], [-44.583, -23.266], [-44.512, -23.292]], [[-43.412, -22.985], [-43.323, -22.995], [-43.301, -23.008], [-43.323, -22.990], [-43.363, -22.973], [-43.412, -22.985]]], [[[-44.233, -23.089], [-44.164, -23.141], [-44.127, -23.119], [-44.140, -23.156], [-44.095, -23.174], [-44.302, -23.177], [-44.333, -23.222], [-44.348, -23.226], [-44.377, -23.171], [-44.233, -23.089]]], [[[-43.907, -23.026], [-43.777, -23.060], [-44.012, -23.077], [-43.954, -23.039], [-43.884, -23.067], [-43.907, -23.026]]], [[[-43.182, -22.781], [-43.172, -22.830], [-43.263, -22.810], [-43.228, -22.782], [-43.182, -22.781]]], [[[-43.913, -22.938], [-43.881, -22.923], [-43.867, -22.925], [-43.896, -22.957], [-43.913, -22.938]]], [[[-43.214, -22.866], [-43.242, -22.837], [-43.229, -22.836], [-43.214, -22.866]]], [[[-43.916, -22.993], [-43.936, -22.997], [-43.920, -22.987], [-43.916, -22.993]]], [[[-44.593, -23.202], [-44.602, -23.222], [-44.619, -23.222], [-44.593, -23.202]]], [[[-44.047, -23.010], [-44.034, -22.995], [-44.029, -23.006], [-44.047, -23.010]]], [[[-44.681, -23.157], [-44.694, -23.155], [-44.683, -23.151], [-44.681, -23.157]]], [[[-41.697, -22.402], [-41.694, -22.416], [-41.705, -22.407], [-41.697, -22.402]]], [[[-44.512, -23.292], [-44.505, -23.291], [-44.502, -23.296], [-44.509, -23.301], [-44.512, -23.292]]], [[[-43.108, -22.769], [-43.108, -22.758], [-43.102, -22.764], [-43.108, -22.769]]], [[[-43.102, -22.752], [-43.111, -22.753], [-43.104, -22.748], [-43.102, -22.752]]], [[[-43.171, -22.897], [-43.174, -22.892], [-43.166, -22.895], [-43.171, -22.897]]], [[[-44.641, -23.074], [-44.642, -23.067], [-44.635, -23.067], [-44.641, -23.074]]], [[[-43.863, -22.955], [-43.860, -22.949], [-43.855, -22.949], [-43.863, -22.955]]], [[[-41.685, -22.396], [-41.690, -22.402], [-41.691, -22.398], [-41.685, -22.396]]], [[[-44.579, -23.203], [-44.583, -23.200], [-44.580, -23.198], [-44.579, -23.203]]], [[[-44.576, -23.189], [-44.573, -23.183], [-44.572, -23.188], [-44.576, -23.189]]], [[[-43.908, -22.979], [-43.912, -22.983], [-43.914, -22.979], [-43.908, -22.979]]], [[[-44.646, -23.226], [-44.639, -23.228], [-44.649, -23.230], [-44.646, -23.226]]], [[[-41.884, -22.784], [-41.883, -22.780], [-41.881, -22.783], [-41.884, -22.784]]], [[[-44.129, -23.035], [-44.123, -23.039], [-44.128, -23.040], [-44.129, -23.035]]], [[[-43.920, -22.941], [-43.913, -22.938], [-43.920, -22.944], [-43.920, -22.941]]], [[[-43.514, -23.065], [-43.511, -23.060], [-43.508, -23.064], [-43.514, -23.065]]], [[[-43.148, -23.059], [-43.142, -23.065], [-43.146, -23.065], [-43.148, -23.059]]], [[[-44.639, -23.228], [-44.636, -23.223], [-44.633, -23.225], [-44.639, -23.228]]], [[[-43.943, -23.023], [-43.946, -23.023], [-43.943, -23.019], [-43.943, -23.023]]], [[[-44.692, -23.215], [-44.689, -23.214], [-44.690, -23.217], [-44.692, -23.215]]], [[[-43.953, -23.004], [-43.950, -23.005], [-43.951, -23.008], [-43.953, -23.004]]], [[[-43.207, -23.040], [-43.206, -23.037], [-43.202, -23.037], [-43.207, -23.040]]], [[[-44.672, -23.099], [-44.671, -23.096], [-44.669, -23.097], [-44.672, -23.099]]], [[[-43.953, -23.025], [-43.952, -23.022], [-43.950, -23.024], [-43.953, -23.025]]], [[[-43.861, -22.946], [-43.860, -22.949], [-43.863, -22.949], [-43.861, -22.946]]], [[[-44.675, -23.111], [-44.672, -23.111], [-44.674, -23.113], [-44.675, -23.111]]]]}, "properties": {"name": "Rio de Janeiro", "sigla": "RJ"}}, {"type": "Feature", "geometry": {"type": "Polygon", "coordinates": [[[-37.151, -4.935], [-36.962, -4.919], [-36.689, -5.091], [-36.482, -5.061], [-36.151, -5.095], [-35.974, -5.041], [-35.488, -5.157], [-35.260, -5.480], [-35.093, -6.181], [-35.036, -6.235], [-34.969, -6.487], [-35.057, -6.527], [-35.095, -6.497], [-35.169, -6.557], [-35.657, -6.445], [-35.977, -6.488], [-36.079, -6.404], [-36.249, -6.436], [-36.295, -6.392], [-36.279, -6.308], [-36.394, -6.293], [-36.429, -6.361], [-36.499, -6.357], [-36.528, -6.446], [-36.435, -6.625], [-36.524, -6.599], [-36.557, -6.710], [-36.506, -6.812], [-36.609, -6.936], [-36.687, -6.926], [-36.718, -6.982], [-36.765, -6.935], [-36.729, -6.835], [-36.834, -6.730], [-36.956, -6.790], [-37.001, -6.709], [-37.234, -6.824], [-37.283, -6.693], [-37.484, -6.709], [-37.482, -6.550], [-37.396, -6.513], [-37.364, -6.323], [-37.165, -6.169], [-37.173, -6.047], [-37.254, -6.027], [-37.458, -6.144], [-37.748, -6.193], [-37.757, -6.290], [-37.810, -6.291], [-37.927, -6.421], [-38.013, -6.427], [-38.012, -6.467], [-38.051, -6.442], [-38.115, -6.521], [-38.288, -6.505], [-38.400, -6.409], [-38.485, -6.398], [-38.457, -6.329], [-38.576, -6.347], [-38.578, -6.279], [-38.446, -6.084], [-38.276, -6.069], [-38.124, -5.887], [-38.046, -5.730], [-38.088, -5.727], [-38.082, -5.672], [-37.901, -5.497], [-37.639, -4.926], [-37.251, -4.832], [-37.151, -4.935]]]}, "properties": {"name": "Rio Grande do Norte", "sigla": "RN"}}, {"type": "Feature", "geometry": {"type": "MultiPolygon", "coordinates": [[[[-66.458, -9.875], [-66.580, -9.904], [-66.805, -9.814], [-66.774, -9.752], [-66.500, -9.633], [-66.392, -9.500], [-66.408, -9.406], [-65.969, -9.412], [-65.791, -9.585], [-65.596, -9.413], [-65.434, -9.465], [-65.446, -9.315], [-65.384, -9.337], [-65.246, -9.257], [-65.184, -9.426], [-65.097, -9.432], [-64.935, -9.255], [-64.916, -9.042], [-64.838, -8.993], [-64.610, -9.016], [-64.322, -8.928], [-64.310, -8.996], [-64.142, -8.953], [-64.142, -8.742], [-64.027, -8.715], [-63.985, -8.585], [-63.945, -8.609], [-63.924, -8.575], [-63.973, -8.486], [-63.943, -8.330], [-63.870, -8.288], [-63.772, -8.320], [-63.620, -7.968], [-62.866, -7.975], [-62.691, -8.092], [-62.686, -8.173], [-62.561, -8.283], [-62.525, -8.382], [-62.464, -8.339], [-62.366, -8.389], [-62.340, -8.602], [-62.280, -8.638], [-62.268, -8.575], [-62.187, -8.590], [-62.124, -8.801], [-62.030, -8.799], [-61.984, -8.878], [-61.905, -8.874], [-61.859, -8.852], [-61.835, -8.732], [-61.774, -8.747], [-61.712, -8.687], [-61.525, -8.816], [-61.468, -8.917], [-61.554, -9.089], [-61.525, -9.243], [-61.632, -9.266], [-61.625, -9.362], [-61.552, -9.387], [-61.578, -9.471], [-61.477, -9.626], [-61.573, -9.717], [-61.507, -9.860], [-61.599, -10.154], [-61.461, -10.419], [-61.473, -10.797], [-61.510, -10.793], [-61.549, -10.985], [-60.459, -10.989], [-60.347, -11.108], [-60.300, -11.056], [-60.204, -11.111], [-59.986, -11.114], [-59.920, -11.397], [-60.114, -11.591], [-60.108, -11.839], [-59.984, -11.913], [-59.891, -12.245], [-59.773, -12.340], [-59.855, -12.478], [-59.934, -12.486], [-60.068, -12.615], [-60.078, -12.880], [-60.282, -13.080], [-60.267, -13.144], [-60.364, -13.299], [-60.387, -13.454], [-60.631, -13.571], [-60.707, -13.692], [-60.878, -13.617], [-60.922, -13.540], [-61.005, -13.546], [-61.014, -13.487], [-61.193, -13.535], [-61.295, -13.477], [-61.469, -13.554], [-61.576, -13.488], [-61.840, -13.548], [-61.892, -13.430], [-62.115, -13.258], [-62.114, -13.163], [-62.169, -13.113], [-62.190, -13.153], [-62.214, -13.110], [-62.271, -13.155], [-62.391, -13.134], [-62.453, -13.064], [-62.608, -13.042], [-62.650, -12.965], [-62.778, -13.009], [-62.891, -12.858], [-63.007, -12.837], [-63.061, -12.685], [-63.157, -12.613], [-63.235, -12.688], [-63.294, -12.681], [-63.438, -12.605], [-63.434, -12.565], [-63.785, -12.427], [-63.888, -12.449], [-63.956, -12.530], [-64.134, -12.476], [-64.162, -12.513], [-64.231, -12.455], [-64.290, -12.500], [-64.290, -12.460], [-64.404, -12.446], [-64.503, -12.360], [-64.506, -12.226], [-64.711, -12.173], [-64.707, -12.086], [-64.757, -12.155], [-64.765, -12.095], [-64.835, -12.116], [-64.837, -12.010], [-65.031, -11.994], [-65.015, -11.894], [-65.070, -11.868], [-65.085, -11.712], [-65.185, -11.755], [-65.260, -11.706], [-65.211, -11.530], [-65.304, -11.500], [-65.334, -11.354], [-65.291, -11.323], [-65.360, -11.250], [-65.318, -11.198], [-65.362, -11.137], [-65.283, -11.088], [-65.299, -11.030], [-65.250, -10.986], [-65.275, -10.870], [-65.366, -10.792], [-65.344, -10.690], [-65.413, -10.623], [-65.428, -10.480], [-65.288, -10.219], [-65.332, -9.957], [-65.285, -9.841], [-65.374, -9.698], [-65.442, -9.669], [-65.558, -9.843], [-65.668, -9.780], [-65.709, -9.806], [-65.684, -9.748], [-65.743, -9.781], [-65.773, -9.734], [-65.793, -9.791], [-65.799, -9.756], [-65.859, -9.794], [-65.919, -9.753], [-65.966, -9.804], [-66.151, -9.785], [-66.203, -9.834], [-66.458, -9.875]]], [[[-66.458, -9.875], [-66.454, -9.877], [-66.456, -9.878], [-66.458, -9.875]]]]}, "properties": {"name": "Rondônia", "sigla": "RO"}}, {"type": "Feature", "geometry": {"type": "Polygon", "coordinates": [[[-59.806, 3.354], [-59.981, 2.930], [-59.989, 2.686], [-59.896, 2.482], [-59.896, 2.363], [-59.721, 2.276], [-59.751, 1.861], [-59.662, 1.870], [-59.689, 1.758], [-59.536, 1.720], [-59.252, 1.388], [-58.918, 1.316], [-58.886, 1.260], [-58.894, 0.263], [-60.037, 0.263], [-60.223, -0.142], [-60.298, -0.211], [-60.289, -0.292], [-60.399, -0.509], [-60.303, -0.710], [-60.478, -0.770], [-60.530, -0.874], [-60.752, -0.860], [-60.760, -0.761], [-60.907, -0.623], [-60.920, -0.555], [-61.045, -0.545], [-61.086, -0.499], [-61.216, -0.499], [-61.230, -0.563], [-61.428, -0.633], [-61.538, -0.755], [-61.584, -0.936], [-61.543, -1.061], [-61.628, -1.301], [-61.581, -1.353], [-61.618, -1.394], [-61.537, -1.433], [-61.482, -1.580], [-61.634, -1.433], [-61.789, -1.378], [-61.896, -1.395], [-62.039, -1.118], [-62.509, -0.758], [-62.486, -0.681], [-62.406, -0.726], [-62.290, -0.646], [-62.308, -0.513], [-62.187, -0.330], [-62.247, -0.301], [-62.244, -0.174], [-62.423, 0.091], [-62.445, 0.379], [-62.532, 0.509], [-62.534, 0.694], [-62.457, 0.785], [-62.471, 1.086], [-62.529, 1.089], [-62.636, 1.434], [-62.803, 1.590], [-62.723, 1.712], [-62.705, 1.940], [-62.838, 2.016], [-63.023, 2.014], [-63.140, 2.172], [-63.282, 2.154], [-63.359, 2.197], [-63.425, 2.364], [-63.406, 2.436], [-63.708, 2.380], [-64.055, 2.498], [-63.984, 2.653], [-63.993, 2.770], [-64.071, 2.938], [-64.233, 3.114], [-64.207, 3.189], [-64.254, 3.411], [-64.185, 3.560], [-64.288, 3.700], [-64.487, 3.791], [-64.824, 4.243], [-64.792, 4.286], [-64.698, 4.251], [-64.559, 4.102], [-64.163, 4.126], [-63.963, 3.868], [-63.858, 3.948], [-63.681, 3.907], [-63.680, 4.017], [-63.588, 3.885], [-63.498, 3.843], [-63.434, 3.867], [-63.428, 3.977], [-63.205, 3.951], [-63.225, 3.835], [-63.102, 3.793], [-63.059, 3.747], [-63.080, 3.693], [-62.959, 3.608], [-62.834, 3.737], [-62.736, 3.689], [-62.728, 3.805], [-62.788, 3.893], [-62.747, 4.034], [-62.556, 4.018], [-62.551, 4.109], [-62.437, 4.183], [-62.145, 4.075], [-61.983, 4.179], [-61.930, 4.103], [-61.922, 4.155], [-61.823, 4.163], [-61.774, 4.249], [-61.559, 4.254], [-61.512, 4.406], [-61.288, 4.458], [-61.321, 4.535], [-61.146, 4.482], [-60.995, 4.518], [-60.900, 4.715], [-60.742, 4.761], [-60.591, 4.927], [-60.656, 5.156], [-60.722, 5.220], [-60.433, 5.181], [-60.209, 5.270], [-60.170, 5.227], [-60.134, 5.249], [-60.094, 5.141], [-59.996, 5.084], [-59.989, 4.986], [-60.029, 4.700], [-60.161, 4.508], [-59.793, 4.465], [-59.675, 4.372], [-59.730, 4.284], [-59.724, 4.182], [-59.615, 4.132], [-59.648, 4.071], [-59.517, 3.943], [-59.593, 3.884], [-59.595, 3.796], [-59.678, 3.758], [-59.667, 3.703], [-59.865, 3.577], [-59.803, 3.507], [-59.841, 3.426], [-59.806, 3.354]]]}, "properties": {"name": "Roraima", "sigla": "RR"}}, {"type": "Feature", "geometry": {"type": "MultiPolygon", "coordinates": [[[[-52.043, -31.573], [-52.109, -31.553], [-52.102, -31.625], [-52.056, -31.598], [-52.068, -31.676], [-52.200, -31.728], [-52.256, -31.848], [-52.132, -31.923], [-52.108, -32.026], [-52.067, -32.029], [-52.098, -32.161], [-52.306, -32.361], [-52.628, -33.115], [-53.151, -33.588], [-53.415, -33.748], [-53.441, -33.695], [-53.529, -33.687], [-53.535, -33.613], [-53.510, -33.535], [-53.449, -33.569], [-53.426, -33.434], [-53.469, -33.259], [-53.430, -33.155], [-53.319, -33.054], [-53.255, -33.102], [-53.159, -32.969], [-53.123, -32.790], [-53.072, -32.832], [-52.982, -32.734], [-53.000, -32.792], [-52.894, -32.892], [-52.833, -32.913], [-52.750, -32.861], [-52.585, -32.526], [-52.693, -32.317], [-52.621, -32.143], [-52.737, -32.166], [-52.794, -32.270], [-52.817, -32.340], [-52.723, -32.387], [-52.953, -32.485], [-53.075, -32.656], [-53.387, -32.586], [-53.462, -32.484], [-53.557, -32.470], [-53.643, -32.383], [-53.745, -32.078], [-53.832, -32.054], [-53.971, -31.918], [-54.099, -31.927], [-54.453, -31.652], [-54.584, -31.457], [-54.835, -31.441], [-54.937, -31.380], [-55.005, -31.267], [-55.073, -31.331], [-55.237, -31.259], [-55.289, -31.143], [-55.337, -31.132], [-55.349, -31.037], [-55.436, -31.003], [-55.576, -30.833], [-55.659, -30.868], [-55.664, -30.952], [-55.721, -30.942], [-55.869, -31.069], [-56.009, -31.080], [-55.988, -30.858], [-56.022, -30.786], [-56.127, -30.738], [-56.169, -30.614], [-56.382, -30.497], [-56.458, -30.385], [-56.544, -30.358], [-56.539, -30.314], [-56.616, -30.300], [-56.644, -30.204], [-56.775, -30.163], [-56.806, -30.103], [-57.068, -30.086], [-57.221, -30.289], [-57.309, -30.257], [-57.393, -30.304], [-57.523, -30.285], [-57.556, -30.212], [-57.642, -30.188], [-57.481, -30.123], [-57.345, -30.002], [-57.277, -29.817], [-57.121, -29.764], [-56.967, -29.638], [-56.765, -29.377], [-56.705, -29.361], [-56.588, -29.119], [-56.413, -29.070], [-56.408, -28.976], [-56.303, -28.899], [-56.282, -28.787], [-56.182, -28.768], [-56.001, -28.598], [-56.010, -28.507], [-55.885, -28.479], [-55.871, -28.358], [-55.745, -28.371], [-55.699, -28.425], [-55.667, -28.333], [-55.773, -28.244], [-55.630, -28.175], [-55.607, -28.115], [-55.556, -28.161], [-55.492, -28.077], [-55.444, -28.096], [-55.369, -28.027], [-55.383, -27.982], [-55.195, -27.856], [-55.131, -27.895], [-55.106, -27.846], [-55.031, -27.854], [-55.080, -27.779], [-54.936, -27.772], [-54.903, -27.636], [-54.849, -27.623], [-54.811, -27.529], [-54.774, -27.585], [-54.681, -27.574], [-54.672, -27.504], [-54.621, -27.540], [-54.584, -27.454], [-54.529, -27.505], [-54.444, -27.472], [-54.468, -27.428], [-54.410, -27.404], [-54.346, -27.466], [-54.335, -27.401], [-54.279, -27.445], [-54.172, -27.254], [-54.154, -27.295], [-54.077, -27.296], [-54.011, -27.195], [-53.874, -27.127], [-53.748, -27.190], [-53.666, -27.161], [-53.641, -27.220], [-53.563, -27.173], [-53.491, -27.201], [-53.506, -27.137], [-53.410, -27.140], [-53.371, -27.090], [-53.294, -27.133], [-53.309, -27.216], [-53.242, -27.170], [-53.188, -27.191], [-53.157, -27.138], [-53.132, -27.177], [-53.071, -27.157], [-53.028, -27.080], [-53.042, -27.145], [-52.993, -27.137], [-52.977, -27.220], [-52.951, -27.161], [-52.925, -27.201], [-52.850, -27.168], [-52.698, -27.281], [-52.666, -27.237], [-52.479, -27.264], [-52.445, -27.217], [-52.374, -27.303], [-52.297, -27.316], [-52.301, -27.259], [-52.253, -27.257], [-52.273, -27.302], [-52.212, -27.330], [-52.166, -27.273], [-52.097, -27.347], [-52.017, -27.331], [-51.950, -27.380], [-52.007, -27.401], [-51.933, -27.431], [-51.954, -27.473], [-51.900, -27.464], [-51.889, -27.519], [-51.856, -27.475], [-51.846, -27.525], [-51.795, -27.529], [-51.797, -27.490], [-51.686, -27.479], [-51.656, -27.519], [-51.631, -27.488], [-51.568, -27.583], [-51.489, -27.559], [-51.432, -27.654], [-51.386, -27.623], [-51.234, -27.778], [-51.081, -27.834], [-51.010, -27.962], [-50.928, -27.968], [-50.868, -28.137], [-50.786, -28.142], [-50.788, -28.197], [-50.624, -28.390], [-50.356, -28.420], [-50.345, -28.462], [-50.246, -28.428], [-50.156, -28.497], [-50.126, -28.428], [-50.099, -28.484], [-49.971, -28.438], [-49.943, -28.481], [-49.857, -28.443], [-49.839, -28.495], [-49.764, -28.459], [-49.691, -28.618], [-49.782, -28.610], [-49.875, -28.744], [-49.934, -28.727], [-49.965, -28.921], [-49.920, -28.978], [-50.006, -29.071], [-49.953, -29.085], [-50.016, -29.180], [-50.098, -29.163], [-50.085, -29.193], [-50.092, -29.221], [-50.139, -29.193], [-50.165, -29.247], [-50.036, -29.350], [-50.114, -29.258], [-49.946, -29.199], [-49.711, -29.325], [-50.017, -29.771], [-50.332, -30.500], [-50.768, -31.109], [-51.249, -31.566], [-51.884, -31.957], [-52.081, -32.156], [-52.013, -31.938], [-52.097, -31.835], [-51.851, -31.867], [-51.786, -31.805], [-51.864, -31.798], [-51.664, -31.770], [-51.490, -31.568], [-51.435, -31.624], [-51.464, -31.564], [-51.428, -31.480], [-51.360, -31.528], [-51.237, -31.457], [-51.158, -31.281], [-51.168, -31.066], [-51.103, -31.098], [-50.980, -31.040], [-50.966, -30.895], [-50.753, -30.818], [-50.701, -30.745], [-50.717, -30.351], [-50.698, -30.345], [-50.647, -30.394], [-50.623, -30.391], [-50.626, -30.327], [-50.592, -30.399], [-50.653, -30.442], [-50.574, -30.481], [-50.537, -30.273], [-50.596, -30.194], [-50.658, -30.199], [-50.672, -30.296], [-50.921, -30.331], [-50.929, -30.435], [-51.054, -30.391], [-51.030, -30.273], [-51.085, -30.241], [-51.133, -30.268], [-51.157, -30.261], [-51.197, -30.193], [-51.248, -30.185], [-51.229, -30.043], [-51.295, -30.001], [-51.328, -30.226], [-51.272, -30.249], [-51.293, -30.303], [-51.210, -30.297], [-51.184, -30.381], [-51.097, -30.357], [-51.094, -30.381], [-51.142, -30.470], [-51.181, -30.407], [-51.257, -30.466], [-51.295, -30.750], [-51.317, -30.647], [-51.386, -30.654], [-51.368, -30.873], [-51.496, -30.914], [-51.440, -31.087], [-51.617, -31.139], [-51.616, -31.267], [-51.918, -31.310], [-51.993, -31.413], [-52.032, -31.694], [-52.043, -31.573]]], [[[-51.295, -30.750], [-51.280, -30.801], [-51.289, -30.817], [-51.323, -30.780], [-51.295, -30.750]]], [[[-50.083, -29.227], [-50.092, -29.221], [-50.084, -29.215], [-50.083, -29.227]]], [[[-51.156, -30.498], [-51.142, -30.470], [-51.152, -30.499], [-51.156, -30.498]]], [[[-49.947, -29.069], [-49.956, -29.061], [-49.939, -29.056], [-49.947, -29.069]]], [[[-51.291, -30.064], [-51.289, -30.056], [-51.268, -30.055], [-51.291, -30.064]]], [[[-52.093, -31.792], [-52.106, -31.801], [-52.110, -31.792], [-52.093, -31.792]]], [[[-53.412, -33.117], [-53.416, -33.118], [-53.406, -33.107], [-53.412, -33.117]]], [[[-49.962, -29.117], [-49.967, -29.115], [-49.963, -29.114], [-49.962, -29.117]]], [[[-51.466, -31.554], [-51.462, -31.543], [-51.463, -31.557], [-51.466, -31.554]]], [[[-51.169, -30.264], [-51.157, -30.261], [-51.163, -30.266], [-51.169, -30.264]]], [[[-51.104, -30.259], [-51.102, -30.253], [-51.100, -30.258], [-51.104, -30.259]]], [[[-52.044, -31.567], [-52.043, -31.573], [-52.046, -31.571], [-52.044, -31.567]]], [[[-51.191, -30.234], [-51.187, -30.233], [-51.190, -30.238], [-51.191, -30.234]]]]}, "properties": {"name": "Rio Grande do Sul", "sigla": "RS"}}, {"type": "Feature", "geometry": {"type": "MultiPolygon", "coordinates": [[[[-53.754, -26.642], [-53.642, -26.252], [-53.496, -26.302], [-53.280, -26.246], [-53.090, -26.390], [-52.737, -26.341], [-52.601, -26.413], [-52.185, -26.444], [-52.010, -26.566], [-51.873, -26.599], [-51.509, -26.581], [-51.411, -26.716], [-51.390, -26.663], [-51.228, -26.615], [-51.297, -26.418], [-51.242, -26.323], [-51.082, -26.227], [-50.944, -26.282], [-50.934, -26.233], [-50.899, -26.288], [-50.868, -26.241], [-50.718, -26.244], [-50.731, -26.202], [-50.627, -26.062], [-50.552, -26.054], [-50.591, -26.042], [-50.571, -26.003], [-50.549, -26.038], [-50.459, -26.026], [-50.323, -26.134], [-50.331, -26.083], [-50.251, -26.029], [-50.182, -26.078], [-50.171, -26.024], [-50.120, -26.063], [-49.993, -26.011], [-49.972, -26.057], [-49.941, -26.008], [-49.832, -26.052], [-49.727, -26.169], [-49.554, -26.236], [-49.174, -26.001], [-48.642, -25.955], [-48.593, -25.976], [-48.580, -26.164], [-48.492, -26.218], [-48.664, -26.579], [-48.679, -26.726], [-48.584, -26.783], [-48.642, -26.901], [-48.620, -26.999], [-48.566, -27.007], [-48.602, -27.124], [-48.465, -27.144], [-48.480, -27.207], [-48.529, -27.180], [-48.616, -27.250], [-48.595, -27.316], [-48.539, -27.297], [-48.523, -27.333], [-48.646, -27.482], [-48.567, -27.595], [-48.643, -27.642], [-48.601, -27.661], [-48.573, -27.889], [-48.622, -27.950], [-48.598, -28.030], [-48.645, -28.233], [-48.766, -28.464], [-48.742, -28.507], [-48.809, -28.605], [-49.290, -28.882], [-49.711, -29.325], [-49.962, -29.198], [-50.114, -29.258], [-50.034, -29.347], [-50.064, -29.340], [-50.147, -29.287], [-50.151, -29.202], [-50.093, -29.237], [-50.098, -29.163], [-50.016, -29.180], [-50.013, -29.127], [-49.962, -29.117], [-49.939, -29.056], [-50.006, -29.071], [-49.920, -28.978], [-49.965, -28.921], [-49.934, -28.727], [-49.875, -28.744], [-49.782, -28.610], [-49.691, -28.624], [-49.764, -28.459], [-49.839, -28.495], [-49.857, -28.443], [-49.943, -28.481], [-49.971, -28.438], [-50.099, -28.484], [-50.126, -28.428], [-50.156, -28.497], [-50.246, -28.428], [-50.345, -28.462], [-50.356, -28.420], [-50.624, -28.390], [-50.788, -28.197], [-50.786, -28.142], [-50.868, -28.137], [-50.928, -27.968], [-51.010, -27.962], [-51.081, -27.834], [-51.234, -27.778], [-51.386, -27.623], [-51.432, -27.654], [-51.489, -27.559], [-51.568, -27.583], [-51.631, -27.488], [-51.656, -27.519], [-51.686, -27.479], [-51.797, -27.490], [-51.795, -27.529], [-51.846, -27.525], [-51.856, -27.475], [-51.889, -27.519], [-51.900, -27.464], [-51.954, -27.473], [-51.933, -27.431], [-52.007, -27.401], [-51.950, -27.380], [-52.017, -27.331], [-52.097, -27.347], [-52.166, -27.273], [-52.212, -27.330], [-52.273, -27.302], [-52.253, -27.257], [-52.301, -27.259], [-52.297, -27.316], [-52.374, -27.303], [-52.445, -27.217], [-52.479, -27.264], [-52.666, -27.237], [-52.698, -27.281], [-52.850, -27.168], [-52.925, -27.201], [-52.951, -27.161], [-52.977, -27.220], [-52.993, -27.137], [-53.042, -27.145], [-53.028, -27.080], [-53.071, -27.157], [-53.132, -27.177], [-53.157, -27.138], [-53.188, -27.191], [-53.242, -27.170], [-53.309, -27.216], [-53.294, -27.133], [-53.371, -27.090], [-53.410, -27.140], [-53.506, -27.137], [-53.491, -27.201], [-53.563, -27.173], [-53.641, -27.220], [-53.666, -27.161], [-53.833, -27.169], [-53.817, -27.102], [-53.777, -27.100], [-53.799, -27.044], [-53.757, -27.061], [-53.783, -27.025], [-53.670, -26.941], [-53.694, -26.857], [-53.659, -26.859], [-53.753, -26.713], [-53.715, -26.682], [-53.754, -26.642]]], [[[-48.410, -27.389], [-48.359, -27.448], [-48.500, -27.714], [-48.475, -27.769], [-48.569, -27.835], [-48.571, -27.672], [-48.523, -27.650], [-48.563, -27.593], [-48.508, -27.547], [-48.547, -27.458], [-48.410, -27.389]]], [[[-48.565, -27.477], [-48.562, -27.473], [-48.563, -27.479], [-48.565, -27.477]]]]}, "properties": {"name": "Santa Catarina", "sigla": "SC"}}, {"type": "Feature", "geometry": {"type": "Polygon", "coordinates": [[[-38.003, -9.514], [-37.581, -9.733], [-37.350, -9.791], [-37.049, -9.986], [-36.991, -9.976], [-36.910, -10.137], [-36.719, -10.264], [-36.623, -10.257], [-36.563, -10.415], [-36.455, -10.407], [-36.393, -10.498], [-36.853, -10.743], [-37.260, -11.287], [-37.329, -11.444], [-37.517, -11.547], [-37.650, -11.518], [-37.699, -11.562], [-37.977, -11.393], [-37.973, -11.194], [-38.071, -11.152], [-38.106, -11.015], [-38.240, -10.876], [-38.211, -10.708], [-38.057, -10.708], [-37.999, -10.763], [-37.813, -10.690], [-37.812, -10.508], [-37.858, -10.426], [-37.736, -10.331], [-37.831, -10.000], [-37.959, -9.969], [-37.997, -9.916], [-37.966, -9.815], [-38.037, -9.749], [-37.987, -9.646], [-38.040, -9.572], [-38.003, -9.514]]]}, "properties": {"name": "Sergipe", "sigla": "SE"}}, {"type": "Feature", "geometry": {"type": "MultiPolygon", "coordinates": [[[[-46.137, -23.858], [-46.181, -23.990], [-46.287, -24.043], [-46.312, -23.980], [-46.384, -23.969], [-46.398, -24.033], [-46.497, -24.039], [-46.940, -24.280], [-47.000, -24.329], [-47.009, -24.413], [-47.841, -24.974], [-47.909, -25.052], [-47.912, -25.158], [-48.098, -25.310], [-48.023, -25.230], [-48.114, -25.250], [-48.186, -25.198], [-48.156, -25.144], [-48.251, -24.978], [-48.333, -25.070], [-48.410, -24.979], [-48.528, -25.100], [-48.582, -25.051], [-48.567, -24.846], [-48.498, -24.738], [-48.581, -24.671], [-48.660, -24.705], [-48.828, -24.655], [-48.957, -24.684], [-49.004, -24.633], [-49.055, -24.682], [-49.304, -24.672], [-49.315, -24.555], [-49.200, -24.343], [-49.282, -24.307], [-49.355, -24.211], [-49.336, -24.137], [-49.429, -24.086], [-49.511, -23.925], [-49.610, -23.851], [-49.561, -23.818], [-49.549, -23.703], [-49.616, -23.639], [-49.628, -23.511], [-49.566, -23.426], [-49.618, -23.396], [-49.589, -23.382], [-49.637, -23.349], [-49.677, -23.164], [-49.740, -23.098], [-49.911, -23.050], [-49.901, -22.998], [-49.985, -22.897], [-50.182, -22.953], [-50.339, -22.947], [-50.379, -22.904], [-50.504, -22.945], [-50.661, -22.895], [-50.741, -22.960], [-50.805, -22.939], [-50.792, -22.893], [-50.890, -22.795], [-51.154, -22.752], [-51.263, -22.668], [-51.717, -22.668], [-51.752, -22.617], [-51.873, -22.627], [-52.107, -22.516], [-52.156, -22.644], [-52.222, -22.673], [-52.249, -22.614], [-52.502, -22.633], [-52.586, -22.566], [-52.701, -22.626], [-52.971, -22.570], [-53.087, -22.657], [-53.107, -22.596], [-52.407, -22.141], [-52.308, -21.951], [-52.075, -21.714], [-52.077, -21.514], [-51.967, -21.501], [-51.867, -21.351], [-51.875, -21.135], [-51.618, -20.931], [-51.634, -20.754], [-51.586, -20.634], [-51.342, -20.355], [-51.068, -20.249], [-50.965, -20.034], [-50.656, -19.904], [-50.575, -19.815], [-50.471, -19.779], [-50.352, -19.864], [-50.102, -19.875], [-49.890, -19.943], [-49.550, -19.905], [-49.439, -19.980], [-49.264, -19.961], [-49.308, -20.101], [-49.238, -20.286], [-49.179, -20.309], [-49.067, -20.153], [-48.991, -20.164], [-48.968, -20.393], [-48.898, -20.440], [-48.884, -20.268], [-48.822, -20.161], [-48.405, -20.113], [-48.245, -20.140], [-48.240, -20.028], [-48.111, -20.143], [-48.019, -20.119], [-47.975, -20.034], [-47.893, -20.123], [-47.859, -19.992], [-47.703, -19.979], [-47.635, -20.047], [-47.473, -19.961], [-47.438, -20.049], [-47.230, -20.218], [-47.297, -20.347], [-47.291, -20.448], [-47.153, -20.519], [-47.096, -20.658], [-47.185, -20.730], [-47.239, -20.884], [-47.143, -20.981], [-47.118, -21.185], [-47.062, -21.209], [-46.997, -21.350], [-47.010, -21.421], [-46.764, -21.359], [-46.705, -21.404], [-46.665, -21.361], [-46.614, -21.440], [-46.508, -21.469], [-46.517, -21.611], [-46.565, -21.678], [-46.621, -21.675], [-46.625, -21.765], [-46.690, -21.836], [-46.613, -22.009], [-46.722, -22.076], [-46.600, -22.134], [-46.673, -22.175], [-46.722, -22.306], [-46.666, -22.413], [-46.406, -22.540], [-46.433, -22.573], [-46.392, -22.662], [-46.477, -22.698], [-46.334, -22.759], [-46.359, -22.895], [-46.144, -22.857], [-46.138, -22.922], [-45.909, -22.816], [-45.888, -22.875], [-45.822, -22.829], [-45.790, -22.857], [-45.754, -22.792], [-45.713, -22.814], [-45.727, -22.723], [-45.819, -22.722], [-45.693, -22.651], [-45.716, -22.578], [-45.660, -22.578], [-45.664, -22.650], [-45.576, -22.601], [-45.583, -22.651], [-45.539, -22.652], [-45.471, -22.590], [-45.399, -22.652], [-45.274, -22.615], [-45.128, -22.496], [-44.808, -22.404], [-44.739, -22.426], [-44.633, -22.608], [-44.508, -22.640], [-44.383, -22.573], [-44.355, -22.613], [-44.226, -22.604], [-44.161, -22.674], [-44.269, -22.829], [-44.466, -22.884], [-44.494, -22.845], [-44.792, -22.981], [-44.824, -23.160], [-44.888, -23.223], [-44.723, -23.367], [-44.843, -23.386], [-44.907, -23.333], [-45.060, -23.419], [-45.018, -23.461], [-45.081, -23.521], [-45.171, -23.493], [-45.161, -23.541], [-45.227, -23.537], [-45.211, -23.582], [-45.297, -23.571], [-45.406, -23.622], [-45.404, -23.819], [-45.512, -23.839], [-45.561, -23.791], [-45.844, -23.757], [-46.137, -23.858]]], [[[-45.290, -23.910], [-45.331, -23.915], [-45.339, -23.925], [-45.427, -23.940], [-45.461, -23.887], [-45.365, -23.809], [-45.328, -23.720], [-45.229, -23.776], [-45.248, -23.824], [-45.227, -23.838], [-45.272, -23.838], [-45.289, -23.865], [-45.226, -23.940], [-45.267, -23.963], [-45.290, -23.910]]], [[[-45.079, -23.563], [-45.059, -23.526], [-45.039, -23.534], [-45.079, -23.563]]], [[[-45.156, -23.812], [-45.114, -23.807], [-45.119, -23.817], [-45.156, -23.812]]], [[[-45.157, -23.572], [-45.156, -23.559], [-45.145, -23.570], [-45.157, -23.572]]], [[[-45.015, -23.765], [-45.018, -23.754], [-45.009, -23.752], [-45.015, -23.765]]], [[[-45.775, -23.858], [-45.786, -23.867], [-45.784, -23.858], [-45.775, -23.858]]], [[[-45.282, -23.601], [-45.292, -23.593], [-45.280, -23.593], [-45.282, -23.601]]], [[[-45.014, -23.746], [-45.024, -23.751], [-45.022, -23.743], [-45.014, -23.746]]], [[[-45.724, -23.802], [-45.719, -23.797], [-45.714, -23.802], [-45.724, -23.802]]], [[[-45.525, -23.854], [-45.520, -23.848], [-45.522, -23.854], [-45.525, -23.854]]], [[[-46.906, -24.394], [-46.903, -24.387], [-46.903, -24.396], [-46.906, -24.394]]], [[[-46.910, -24.377], [-46.904, -24.373], [-46.908, -24.380], [-46.910, -24.377]]], [[[-45.025, -23.549], [-45.028, -23.545], [-45.024, -23.543], [-45.025, -23.549]]], [[[-44.851, -23.399], [-44.853, -23.403], [-44.849, -23.394], [-44.851, -23.399]]], [[[-44.944, -23.387], [-44.945, -23.383], [-44.940, -23.383], [-44.944, -23.387]]], [[[-46.977, -24.372], [-46.978, -24.367], [-46.974, -24.369], [-46.977, -24.372]]], [[[-47.913, -25.166], [-47.911, -25.162], [-47.908, -25.166], [-47.913, -25.166]]], [[[-45.228, -23.813], [-45.225, -23.813], [-45.228, -23.817], [-45.228, -23.813]]], [[[-45.325, -23.915], [-45.320, -23.914], [-45.324, -23.918], [-45.325, -23.915]]], [[[-45.714, -23.790], [-45.712, -23.787], [-45.709, -23.788], [-45.714, -23.790]]], [[[-45.276, -23.852], [-45.278, -23.854], [-45.279, -23.852], [-45.276, -23.852]]], [[[-45.297, -23.920], [-45.297, -23.916], [-45.294, -23.918], [-45.297, -23.920]]], [[[-45.156, -23.830], [-45.153, -23.828], [-45.153, -23.831], [-45.156, -23.830]]], [[[-45.671, -23.804], [-45.670, -23.802], [-45.668, -23.804], [-45.671, -23.804]]]]}, "properties": {"name": "São Paulo", "sigla": "SP"}}, {"type": "Feature", "geometry": {"type": "Polygon", "coordinates": [[[-46.969, -8.914], [-47.068, -9.063], [-46.922, -9.066], [-46.925, -9.134], [-46.822, -9.198], [-46.846, -9.292], [-46.762, -9.408], [-46.665, -9.391], [-46.627, -9.465], [-46.560, -9.483], [-46.537, -9.557], [-46.646, -9.729], [-46.493, -9.827], [-46.455, -10.049], [-46.367, -10.168], [-46.210, -10.169], [-46.164, -10.212], [-46.027, -10.176], [-46.003, -10.260], [-45.793, -10.267], [-45.698, -10.166], [-45.697, -10.263], [-45.738, -10.342], [-45.824, -10.365], [-45.827, -10.435], [-46.065, -10.602], [-46.210, -10.649], [-46.192, -10.719], [-46.251, -10.756], [-46.282, -10.906], [-46.398, -10.993], [-46.471, -11.190], [-46.616, -11.289], [-46.478, -11.515], [-46.086, -11.621], [-46.153, -11.656], [-46.314, -11.631], [-46.294, -11.694], [-46.373, -11.750], [-46.322, -11.770], [-46.374, -11.868], [-46.170, -11.900], [-46.325, -11.958], [-46.397, -12.039], [-46.374, -12.286], [-46.324, -12.302], [-46.351, -12.336], [-46.256, -12.423], [-46.254, -12.492], [-46.153, -12.482], [-46.160, -12.528], [-46.279, -12.584], [-46.261, -12.831], [-46.304, -12.949], [-46.119, -12.925], [-46.363, -12.990], [-46.365, -12.864], [-46.417, -12.823], [-46.454, -12.970], [-46.750, -12.968], [-46.978, -13.131], [-47.152, -13.209], [-47.228, -13.194], [-47.281, -13.264], [-47.377, -13.230], [-47.426, -13.289], [-47.478, -13.184], [-47.562, -13.183], [-47.560, -13.124], [-47.634, -13.104], [-47.668, -13.208], [-47.622, -13.367], [-47.678, -13.467], [-47.823, -13.311], [-47.965, -13.314], [-48.062, -13.234], [-48.082, -13.288], [-48.164, -13.305], [-48.173, -13.147], [-48.441, -13.291], [-48.508, -13.128], [-48.585, -13.317], [-48.601, -13.059], [-48.730, -12.989], [-48.736, -12.920], [-48.857, -12.804], [-48.975, -12.956], [-49.077, -12.903], [-49.118, -12.789], [-49.236, -12.883], [-49.353, -13.102], [-49.369, -13.274], [-49.912, -12.965], [-50.292, -12.839], [-50.299, -12.680], [-50.192, -12.563], [-50.215, -12.485], [-50.142, -12.395], [-50.365, -12.545], [-50.477, -12.709], [-50.510, -12.860], [-50.597, -12.826], [-50.579, -12.801], [-50.622, -12.819], [-50.646, -12.650], [-50.706, -12.609], [-50.617, -12.428], [-50.643, -12.222], [-50.686, -12.201], [-50.638, -11.884], [-50.721, -11.739], [-50.656, -11.600], [-50.739, -11.538], [-50.741, -11.454], [-50.608, -11.067], [-50.621, -10.839], [-50.570, -10.752], [-50.602, -10.660], [-50.417, -10.355], [-50.391, -10.133], [-50.302, -10.035], [-50.106, -9.593], [-50.037, -9.289], [-49.907, -9.173], [-49.744, -8.905], [-49.591, -8.839], [-49.409, -8.579], [-49.376, -8.454], [-49.282, -8.379], [-49.175, -8.054], [-49.150, -7.801], [-49.322, -7.681], [-49.383, -7.543], [-49.184, -7.234], [-49.209, -6.925], [-49.018, -6.783], [-48.813, -6.751], [-48.664, -6.662], [-48.645, -6.508], [-48.507, -6.354], [-48.382, -6.379], [-48.431, -6.176], [-48.291, -6.103], [-48.334, -6.003], [-48.231, -5.945], [-48.294, -5.756], [-48.173, -5.708], [-48.131, -5.617], [-48.300, -5.522], [-48.384, -5.393], [-48.510, -5.429], [-48.745, -5.369], [-48.678, -5.305], [-48.605, -5.336], [-48.519, -5.191], [-48.363, -5.168], [-48.078, -5.274], [-47.933, -5.240], [-47.873, -5.272], [-47.843, -5.375], [-47.741, -5.380], [-47.499, -5.525], [-47.378, -6.270], [-47.498, -6.670], [-47.529, -6.976], [-47.644, -7.143], [-47.715, -7.141], [-47.745, -7.200], [-47.648, -7.302], [-47.588, -7.263], [-47.499, -7.293], [-47.485, -7.366], [-47.590, -7.439], [-47.504, -7.436], [-47.474, -7.532], [-47.427, -7.525], [-47.381, -7.653], [-47.357, -7.616], [-47.313, -7.660], [-47.312, -7.730], [-47.245, -7.758], [-47.243, -7.814], [-47.043, -8.053], [-46.996, -8.066], [-46.872, -7.955], [-46.604, -7.895], [-46.476, -8.011], [-46.507, -8.270], [-46.544, -8.318], [-46.806, -8.398], [-46.796, -8.446], [-46.915, -8.595], [-46.913, -8.847], [-46.992, -8.879], [-46.969, -8.914]]]}, "properties": {"name": "Tocantins", "sigla": "TO"}}, {"type": "Feature", "geometry": {"type": "Polygon", "coordinates": [[[-47.376, -15.977], [-47.308, -16.050], [-48.278, -16.051], [-48.251, -15.942], [-48.286, -15.842], [-48.205, -15.741], [-48.240, -15.706], [-48.197, -15.500], [-47.416, -15.499], [-47.417, -15.546], [-47.315, -15.593], [-47.376, -15.977]]]}, "properties": {"name": "Distrito Federal", "sigla": "DF"}}]}